"id","partnumber","description","manufacturer","lib","aircraft","created_at","updated_at"
"6","FE188","RUDDER DAMPER ASSY.","RATIER FIGEAC","1","ATR 42/72","0000-00-00 00:00:00","0000-00-00 00:00:00"
"7","FE205","RUDDER DAMPER ASSY.","RATIER FIGEAC","1","ATR 42/72","0000-00-00 00:00:00","0000-00-00 00:00:00"
"8","10600","MLG AUXILIARY ACTUATOR","SAFRAN LS","2",,"0000-00-00 00:00:00","0000-00-00 00:00:00"
"9","10500","ACTUATOR, RETRACT","SAFRAN LS","3","DASH-8","0000-00-00 00:00:00","0000-00-00 00:00:00"
"10","16040","NOSE LANDING GEAR ASSY","SAFRAN LS","4","CRJ 100/200","0000-00-00 00:00:00","0000-00-00 00:00:00"
"11","320499","SOLENOID VALVE ASSY","HONEYWELL","5","ATR 42/72","0000-00-00 00:00:00","0000-00-00 00:00:00"
"12","3214958","PRESSURE REGULATING AND SHUTOFF VALVE","HONEYWELL","5","ATR 42","0000-00-00 00:00:00","0000-00-00 00:00:00"
"13","40110","MAIN LANDING GEAR ASSEMBLY, L/H","SAFRAN LS","6","CL300","0000-00-00 00:00:00","0000-00-00 00:00:00"
"14","40610","NOSE LANDING GEAR ASSEMBLY","SAFRAN LS","7","CL300","0000-00-00 00:00:00","0000-00-00 00:00:00"
"15","40900","NLG DRAG BRACE ASSEMBLY","SAFRAN LS","8","CL300","0000-00-00 00:00:00","0000-00-00 00:00:00"
"16","40120","HARNESS ASSEMBLY, INBD WSS AND WOW # 1- LEFT, MLG","SAFRAN LS","9",,"0000-00-00 00:00:00","0000-00-00 00:00:00"
"17","40121","HARNESS ASSEMBLY, OUTBD WSS AND WOW # 2- LEFT, MLG","SAFRAN LS","9",,"0000-00-00 00:00:00","0000-00-00 00:00:00"
"18","40550","HARNESS ASSEMBLY, DOWNLOCK SENSOR # 1, MLG","SAFRAN LS","9",,"0000-00-00 00:00:00","0000-00-00 00:00:00"
"19","40621","HARNESS ASSEMBLY, TAXI LIGHT, LANDING LIGHT, WOW # 2, NLG","SAFRAN LS","9",,"0000-00-00 00:00:00","0000-00-00 00:00:00"
"20","40622","HARNESS ASSEMBLY, EHSV, PFS AND WOW # 1, NLG","SAFRAN LS","9",,"0000-00-00 00:00:00","0000-00-00 00:00:00"
"21","40901","HARNESS ASSEMBLY, DOWNLOCK SENSOR # 1, NLG","SAFRAN LS","9",,"0000-00-00 00:00:00","0000-00-00 00:00:00"
"22","40902","HARNESS ASSEMBLY, DOWNLOCK SENSOR # 2, NLG","SAFRAN LS","9",,"0000-00-00 00:00:00","0000-00-00 00:00:00"
"23","1227100","STEERING MANIFOLD ASSEMBLY","ZODIAC AEROSPACE","10","CL300","0000-00-00 00:00:00","0000-00-00 00:00:00"
"24","40700","NLG RETRACTION ACTUATOR ASSEMBLY","SAFRAN LS","11",,"0000-00-00 00:00:00","0000-00-00 00:00:00"
"25","40310","SIDE BRACE ACTUATOR ASSEMBLY, MLG","SAFRAN LS","12",,"0000-00-00 00:00:00","0000-00-00 00:00:00"
"26","10400","MLG STABILIZER STAY","SAFRAN LS","13",,"0000-00-00 00:00:00","0000-00-00 00:00:00"
"27","100-5383Y","LANDING GEAR SELECTOR VALVE","MAGNAGHI MILANO","14",,"0000-00-00 00:00:00","0000-00-00 00:00:00"
"28","4019501","HYDRAULIC PUMP","PARKER","15",,"0000-00-00 00:00:00","0000-00-00 00:00:00"
"29","8200","NLG DRAG STRUT","SAFRAN LS","16",,"0000-00-00 00:00:00","0000-00-00 00:00:00"
"30","3215732","PRESSURE REGULATING AND SHUTOFF VALVE","HONEYWELL","17",,"0000-00-00 00:00:00","0000-00-00 00:00:00"
"31","D22700000","SHOCK ABSORBER, NLG","SAFRAN LS","18",,"0000-00-00 00:00:00","0000-00-00 00:00:00"
"32","D22700042","SHOCK ABSORBER, NLG","SAFRAN LS","18",,"0000-00-00 00:00:00","0000-00-00 00:00:00"
"33","D22700072","SHOCK ABSORBER, NLG","SAFRAN LS","18",,"0000-00-00 00:00:00","0000-00-00 00:00:00"
"34","D22700172","SHOCK ABSORBER, NLG","SAFRAN LS","18",,"0000-00-00 00:00:00","0000-00-00 00:00:00"
"35","27600","RECURCULATION FAN","GE AVIATION","19",,"0000-00-00 00:00:00","0000-00-00 00:00:00"
"36","778728","RECURCULATION FAN","GE AVIATION","19",,"0000-00-00 00:00:00","0000-00-00 00:00:00"
"37","8900","NLG STEERING ACTUATOR","SAFRAN LS","20",,"0000-00-00 00:00:00","0000-00-00 00:00:00"
"38","65-44761","ELEVATOR POWER CONTROL","BOEING","21",,"0000-00-00 00:00:00","0000-00-00 00:00:00"
"39","65-45180","ELEVATOR POWER CONTROL","BOEING","21",,"0000-00-00 00:00:00","0000-00-00 00:00:00"
"40","D23215000","FREE FALL ASSISTER, MLG","SAFRAN LS","22",,"0000-00-00 00:00:00","0000-00-00 00:00:00"
"41","11300","MLG UPLOCK ASSEMBLY","SAFRAN LS","23",,"0000-00-00 00:00:00","0000-00-00 00:00:00"
"42","3215622","VALVE, SHUTT OFF","HONEYWELL","24",,"0000-00-00 00:00:00","0000-00-00 00:00:00"
"43","114194001","UPLOCK ACTUATOR","SAFRAN LS","25",,"0000-00-00 00:00:00","0000-00-00 00:00:00"
"44","D22685040","LH LEG ASSEMBLY, MLG","SAFRAN LS","26",,"0000-00-00 00:00:00","0000-00-00 00:00:00"
"45","D22686040","LH LEG ASSEMBLY, MLG","SAFRAN LS","26",,"0000-00-00 00:00:00","0000-00-00 00:00:00"
"46","D22687040","LH LEG STRUCTURE, MLG","SAFRAN LS","26",,"0000-00-00 00:00:00","0000-00-00 00:00:00"
"47","D22688040","LH LEG STRUCTURE, MLG","SAFRAN LS","26",,"0000-00-00 00:00:00","0000-00-00 00:00:00"
"48","D22689030","LEG STRUCTURE COVERING, L/H","SAFRAN LS","26",,"0000-00-00 00:00:00","0000-00-00 00:00:00"
"49","D22690030","LEG STRUCTURE COVERING, R/H","SAFRAN LS","26",,"0000-00-00 00:00:00","0000-00-00 00:00:00"
"50","D22691000","SHOCK ABSORBER, MLG","SAFRAN LS","26",,"0000-00-00 00:00:00","0000-00-00 00:00:00"
"51","LSP14","SWIVEL FITTING","SAFRAN LS","26",,"0000-00-00 00:00:00","0000-00-00 00:00:00"
"52","LSP14J14J4S","SWIVEL FITTING","SAFRAN LS","26",,"0000-00-00 00:00:00","0000-00-00 00:00:00"
"53","USP15","SWIVEL FITTING","SAFRAN LS","26",,"0000-00-00 00:00:00","0000-00-00 00:00:00"
"54","USP15J14J4S","SWIVEL FITTING","SAFRAN LS","26",,"0000-00-00 00:00:00","0000-00-00 00:00:00"
"55","52501","WIRING HARNESS ASSEMBLY, NLG","GOODRICH","27",,"0000-00-00 00:00:00","0000-00-00 00:00:00"
"56","52505","WIRING HARNESS ASSEMBLY, NLG","GOODRICH","27",,"0000-00-00 00:00:00","0000-00-00 00:00:00"
"57","52506","WIRING HARNESS ASSEMBLY, NLG","GOODRICH","27",,"0000-00-00 00:00:00","0000-00-00 00:00:00"
"58","52512","WIRING HARNESS ASSEMBLY, NLG","GOODRICH","27",,"0000-00-00 00:00:00","0000-00-00 00:00:00"
"59","52513","WIRING HARNESS ASSEMBLY, NLG","GOODRICH","27",,"0000-00-00 00:00:00","0000-00-00 00:00:00"
"60","52514","WIRING HARNESS ASSEMBLY, NLG","GOODRICH","27",,"0000-00-00 00:00:00","0000-00-00 00:00:00"
"61","200895001","SHOCK ABSORBER, MLG","SAFRAN LS","28",,"0000-00-00 00:00:00","0000-00-00 00:00:00"
"62","C24646070","RESTRICTOR VALVE, MLG","SAFRAN LS","29",,"0000-00-00 00:00:00","0000-00-00 00:00:00"
"63","C24646090","RESTRICTOR VALVE, MLG","SAFRAN LS","29",,"0000-00-00 00:00:00","0000-00-00 00:00:00"
"64","D22897000","ACTUATING CYLINDER ASSEMBLY","SAFRAN LS","29",,"0000-00-00 00:00:00","0000-00-00 00:00:00"
"65","D22898000","ACTUATING CYLINDER ASSEMBLY","SAFRAN LS","29",,"0000-00-00 00:00:00","0000-00-00 00:00:00"
"66","65-44851","GROUND SPOILER LOCKING ACTUATOR","BOEING","30",,"0000-00-00 00:00:00","0000-00-00 00:00:00"
"67","4128","RELEASABLE CENTERING UNIT","AVIAC","31",,"0000-00-00 00:00:00","0000-00-00 00:00:00"
"68","320295","SOLENOID VALVE","WHITTAKER CONTROLS","32",,"0000-00-00 00:00:00","0000-00-00 00:00:00"
"69","VN1000","SPOILER ACTUATOR","GOODRICH","33",,"0000-00-00 00:00:00","0000-00-00 00:00:00"
"70","VN1001","SPOILER ACTUATOR","GOODRICH","33",,"0000-00-00 00:00:00","0000-00-00 00:00:00"
"71","MF45-3911","HYDRAULIC MOTOR","EATON AEROSPACE","34",,"0000-00-00 00:00:00","0000-00-00 00:00:00"
"72","MF9-3911","HYDRAULIC MOTOR","EATON AEROSPACE","34",,"0000-00-00 00:00:00","0000-00-00 00:00:00"
"73","MS-3911","HYDRAULIC MOTOR","EATON AEROSPACE","34",,"0000-00-00 00:00:00","0000-00-00 00:00:00"
"74","MS9-3911","HYDRAULIC MOTOR","EATON AEROSPACE","34",,"0000-00-00 00:00:00","0000-00-00 00:00:00"
"75","65-44561","FLIGHT SPOILER POWER CONTROL UNIT ASSEMBLY","BOEING","35",,"0000-00-00 00:00:00","0000-00-00 00:00:00"
"76","65-49580","FLIGHT SPOILER POWER CONTROL UNIT ASSEMBLY","BOEING","35",,"0000-00-00 00:00:00","0000-00-00 00:00:00"
"77","D22698000","LEG ASSEMBLY, NLG","SAFRAN LS","36",,"0000-00-00 00:00:00","0000-00-00 00:00:00"
"78","D22698042","LEG ASSEMBLY, NLG","SAFRAN LS","36",,"0000-00-00 00:00:00","0000-00-00 00:00:00"
"79","D22698072","LEG ASSEMBLY, NLG","SAFRAN LS","36",,"0000-00-00 00:00:00","0000-00-00 00:00:00"
"80","D22698100","LEG ASSEMBLY, NLG","SAFRAN LS","36",,"0000-00-00 00:00:00","0000-00-00 00:00:00"
"81","D22698172","LEG ASSEMBLY, NLG","SAFRAN LS","36",,"0000-00-00 00:00:00","0000-00-00 00:00:00"
"82","D22699000","LEG STRUCTURE, NLG","SAFRAN LS","37",,"0000-00-00 00:00:00","0000-00-00 00:00:00"
"83","D22699072","LEG STRUCTURE, NLG","SAFRAN LS","37",,"0000-00-00 00:00:00","0000-00-00 00:00:00"
"84","D22870000","LEG STRUCTURE COVERING, NLG","SAFRAN LS","37",,"0000-00-00 00:00:00","0000-00-00 00:00:00"
"85","D22870072","LEG STRUCTURE COVERING, NLG","SAFRAN LS","37",,"0000-00-00 00:00:00","0000-00-00 00:00:00"
"86","C24568000","DIFFERENTIAL CONTROL SELECTOR VALVE","SAFRAN LS","38",,"0000-00-00 00:00:00","0000-00-00 00:00:00"
"87","C24483010","SWIVEL SELECTOR VALVE","SAFRAN LS","39",,"0000-00-00 00:00:00","0000-00-00 00:00:00"
"88","D22745000","ANTI SHIMMY VALVE, NLG","SAFRAN LS","39",,"0000-00-00 00:00:00","0000-00-00 00:00:00"
"89","D22701000","ELECTRICAL HARNESS, NLG","SAFRAN LS","40",,"0000-00-00 00:00:00","0000-00-00 00:00:00"
"90","D22701072","ELECTRICAL HARNESS, NLG","SAFRAN LS","40",,"0000-00-00 00:00:00","0000-00-00 00:00:00"
"91","D22701500","ELECTRICAL HARNESS, NLG","SAFRAN LS","40",,"0000-00-00 00:00:00","0000-00-00 00:00:00"
"92","D22878000","SWITCH ASSEMBLY, NLG & MLG","SAFRAN LS","40",,"0000-00-00 00:00:00","0000-00-00 00:00:00"
"93","D22883000","SWITCH ASSEMBLY, NLG & MLG","SAFRAN LS","40",,"0000-00-00 00:00:00","0000-00-00 00:00:00"
"94","D23571000","ELECTRICAL HARNESS","SAFRAN LS","40",,"0000-00-00 00:00:00","0000-00-00 00:00:00"
"95","D23572000","ELECTRICAL HARNESS","SAFRAN LS","40",,"0000-00-00 00:00:00","0000-00-00 00:00:00"
"96","5701801","BALLSCREW ASSY","THOMPSON SAGINAW","41",,"0000-00-00 00:00:00","0000-00-00 00:00:00"
"97","5701802","BALLSCREW ASSY","THOMPSON SAGINAW","41",,"0000-00-00 00:00:00","0000-00-00 00:00:00"
"98","5701803","BALLSCREW ASSY","THOMPSON SAGINAW","41",,"0000-00-00 00:00:00","0000-00-00 00:00:00"
"99","5702224","BALLSCREW ASSY","THOMPSON SAGINAW","41",,"0000-00-00 00:00:00","0000-00-00 00:00:00"
"100","5702225","BALLSCREW ASSY","THOMPSON SAGINAW","41",,"0000-00-00 00:00:00","0000-00-00 00:00:00"
"101","5702226","BALLSCREW ASSY","THOMPSON SAGINAW","41",,"0000-00-00 00:00:00","0000-00-00 00:00:00"
"102","7824791","BALLSCREW ASSY","THOMPSON SAGINAW","41",,"0000-00-00 00:00:00","0000-00-00 00:00:00"
"103","7824792","BALLSCREW ASSY","THOMPSON SAGINAW","41",,"0000-00-00 00:00:00","0000-00-00 00:00:00"
"104","7825221","BALLSCREW ASSY","THOMPSON SAGINAW","41",,"0000-00-00 00:00:00","0000-00-00 00:00:00"
"105","7825222","BALLSCREW ASSY","THOMPSON SAGINAW","41",,"0000-00-00 00:00:00","0000-00-00 00:00:00"
"106","7825223","BALLSCREW ASSY","THOMPSON SAGINAW","41",,"0000-00-00 00:00:00","0000-00-00 00:00:00"
"107","7825224","BALLSCREW ASSY","THOMPSON SAGINAW","41",,"0000-00-00 00:00:00","0000-00-00 00:00:00"
"108","960442","HYDRAULIC RESERVOIR ASSEMBLY","PARKER","42",,"0000-00-00 00:00:00","0000-00-00 00:00:00"
"109","D23221000","L/H UNLOCKING ACTUATOR, MLG","SAFRAN LS","43",,"0000-00-00 00:00:00","0000-00-00 00:00:00"
"110","D23222000","R/H UNLOCKING ACTUATOR, MLG","SAFRAN LS","43",,"0000-00-00 00:00:00","0000-00-00 00:00:00"
"111","D22924000","SWITCH ASSEMBLY, MLG","SAFRAN LS","44",,"0000-00-00 00:00:00","0000-00-00 00:00:00"
"112","D22924010","SWITCH ASSEMBLY, MLG","SAFRAN LS","44",,"0000-00-00 00:00:00","0000-00-00 00:00:00"
"113","D23105000","UPPER EXTERIOR  ELECTRICAL HARNESS, LH","SAFRAN LS","44",,"0000-00-00 00:00:00","0000-00-00 00:00:00"
"114","D23106000","UPPER EXTERIOR  ELECTRICAL HARNESS, LH","SAFRAN LS","44",,"0000-00-00 00:00:00","0000-00-00 00:00:00"
"115","D23107000","LOWER EXTERIOR ELECTRICAL HARNESS, LH","SAFRAN LS","44",,"0000-00-00 00:00:00","0000-00-00 00:00:00"
"116","D23108000","LOWER EXTERIOR ELECTRICAL HARNESS, LH","SAFRAN LS","44",,"0000-00-00 00:00:00","0000-00-00 00:00:00"
"117","D23109000","UPPER INTERIOR   ELECTRICAL HARNESS, LH","SAFRAN LS","44",,"0000-00-00 00:00:00","0000-00-00 00:00:00"
"118","D23110000","UPPER INTERIOR   ELECTRICAL HARNESS, RH","SAFRAN LS","44",,"0000-00-00 00:00:00","0000-00-00 00:00:00"
"119","D23111000","LOWER INTERIOR  ELECTRICAL HARNESS, LH","SAFRAN LS","44",,"0000-00-00 00:00:00","0000-00-00 00:00:00"
"120","D23112000","LOWER INTERIOR  ELECTRICAL HARNESS, LH","SAFRAN LS","44",,"0000-00-00 00:00:00","0000-00-00 00:00:00"
"121","D23219000","SIDE BRACE ASSEMBLY","SAFRAN LS","45",,"0000-00-00 00:00:00","0000-00-00 00:00:00"
"122","D23219100","SIDE BRACE ASSEMBLY","SAFRAN LS","45",,"0000-00-00 00:00:00","0000-00-00 00:00:00"
"123","D23220000","SIDE BRACE ASSEMBLY","SAFRAN LS","45",,"0000-00-00 00:00:00","0000-00-00 00:00:00"
"124","D23220100","SIDE BRACE ASSEMBLY","SAFRAN LS","45",,"0000-00-00 00:00:00","0000-00-00 00:00:00"
"125","69210","VALVE, SEQUENCE","EATON AEROSPACE","46",,"0000-00-00 00:00:00","0000-00-00 00:00:00"
"126","4951651","VALVE, START BY-PASS","HAMILTON SUNDSTRAND","47",,"0000-00-00 00:00:00","0000-00-00 00:00:00"
"127","82970018","MAIN GEAR DOOR DUAL ACTUATOR","DE HAVILLAND","48",,"0000-00-00 00:00:00","0000-00-00 00:00:00"
"128","82970014","MAIN GEAR/CENTER DOOR ACTUATOR","DE HAVILLAND","49",,"0000-00-00 00:00:00","0000-00-00 00:00:00"
"129","46100","SHOCK STRUT ASSEMBLY, DRESSED, MLG","GOODRICH","50",,"0000-00-00 00:00:00","0000-00-00 00:00:00"
"130","46165","ELECTRICAL HARNESS ASSEMBLY, MLG","GOODRICH","51",,"0000-00-00 00:00:00","0000-00-00 00:00:00"
"131","46170","ELECTRICAL HARNESS ASSEMBLY, MLG","GOODRICH","51",,"0000-00-00 00:00:00","0000-00-00 00:00:00"
"132","734181B","FLAP DRIVE ACTUATOR ASSEMBLY","HAMILTON SUNDSTRAND","52",,"0000-00-00 00:00:00","0000-00-00 00:00:00"
"133","734181C","FLAP DRIVE ACTUATOR ASSEMBLY","HAMILTON SUNDSTRAND","52",,"0000-00-00 00:00:00","0000-00-00 00:00:00"
"134","734181D","FLAP DRIVE ACTUATOR ASSEMBLY","HAMILTON SUNDSTRAND","52",,"0000-00-00 00:00:00","0000-00-00 00:00:00"
"135","734374B","FLAP DRIVE ACTUATOR ASSEMBLY","HAMILTON SUNDSTRAND","52",,"0000-00-00 00:00:00","0000-00-00 00:00:00"
"136","734374C","FLAP DRIVE ACTUATOR ASSEMBLY","HAMILTON SUNDSTRAND","52",,"0000-00-00 00:00:00","0000-00-00 00:00:00"
"137","734374D","FLAP DRIVE ACTUATOR ASSEMBLY","HAMILTON SUNDSTRAND","52",,"0000-00-00 00:00:00","0000-00-00 00:00:00"
"138","755216","FLAP DRIVE ACTUATOR ASSEMBLY","HAMILTON SUNDSTRAND","52",,"0000-00-00 00:00:00","0000-00-00 00:00:00"
"139","979078-10","VALVE, SHUT-OFF","HONEYWELL","53",,"0000-00-00 00:00:00","0000-00-00 00:00:00"
"140","979078-1","VALVE, SHUT-OFF","HONEYWELL","53",,"0000-00-00 00:00:00","0000-00-00 00:00:00"
"141","979078-11","VALVE, SHUT-OFF","HONEYWELL","53",,"0000-00-00 00:00:00","0000-00-00 00:00:00"
"142","979078-2","VALVE, SHUT-OFF","HONEYWELL","53",,"0000-00-00 00:00:00","0000-00-00 00:00:00"
"143","979078-3","VALVE, SHUT-OFF","HONEYWELL","53",,"0000-00-00 00:00:00","0000-00-00 00:00:00"
"144","979078-4","VALVE, SHUT-OFF","HONEYWELL","53",,"0000-00-00 00:00:00","0000-00-00 00:00:00"
"145","979078-8","VALVE, SHUT-OFF","HONEYWELL","53",,"0000-00-00 00:00:00","0000-00-00 00:00:00"
"146","979078-9","VALVE, SHUT-OFF","HONEYWELL","53",,"0000-00-00 00:00:00","0000-00-00 00:00:00"
"147","46350","YOKE ASSEMBLY, MLG","GOODRICH","54",,"0000-00-00 00:00:00","0000-00-00 00:00:00"
"148","46400","STABILIZED BRACE ASSEMBLY,MLG","GOODRICH","54",,"0000-00-00 00:00:00","0000-00-00 00:00:00"
"149","46450","STABILIZER BRACE ELECTRICAL HARNESS ASSEMBLY","GOODRICH","54",,"0000-00-00 00:00:00","0000-00-00 00:00:00"
"150","46460","STABILIZER BRACE ELECTRICAL HARNESS ASSEMBLY","GOODRICH","54",,"0000-00-00 00:00:00","0000-00-00 00:00:00"
"151","46600","LOCK ACTUATOR ASSEMBLY, MLG","GOODRICH","55",,"0000-00-00 00:00:00","0000-00-00 00:00:00"
"152","3214960","SHUTOFF VALVE","HONEYWELL","56",,"0000-00-00 00:00:00","0000-00-00 00:00:00"
"153","6799A010001","PRESSURE CONTROL VALVE","LIEBHERR","57",,"0000-00-00 00:00:00","0000-00-00 00:00:00"
"154","6799A010001 AMDT A","PRESSURE CONTROL VALVE","LIEBHERR","57",,"0000-00-00 00:00:00","0000-00-00 00:00:00"
"155","24120-000","RESTRICTOR","SAFRAN LS","58",,"0000-00-00 00:00:00","0000-00-00 00:00:00"
"156","17008","MLG SIDE STAY ACTUATOR ASSEMBLY","GE AVIATION","59",,"0000-00-00 00:00:00","0000-00-00 00:00:00"
"157","3755","ACTUATOR, AC","HONEYWELL","60",,"0000-00-00 00:00:00","0000-00-00 00:00:00"
"158","67-0033","ACTUATOR, AC","HONEYWELL","60",,"0000-00-00 00:00:00","0000-00-00 00:00:00"
"159","67-2906","MOTOR OPERATED AIR SHUTOFF VALVE","HONEYWELL","60",,"0000-00-00 00:00:00","0000-00-00 00:00:00"
"160","41012130","AILERON DAMPER ASSEMBLY","HR TEXTRON","61",,"0000-00-00 00:00:00","0000-00-00 00:00:00"
"161","D22716000","FREE FALL ASSISTER, MLG","SAFRAN LS","62",,"0000-00-00 00:00:00","0000-00-00 00:00:00"
"162","820971","REGULATING & SHUTOFF VALVE","HAMILTON SUNDSTRAND","63",,"0000-00-00 00:00:00","0000-00-00 00:00:00"
"163","130009G","ELECTRIC MOTOR OPERATED ACTUATOR","ITT AEROSPACE","64",,"0000-00-00 00:00:00","0000-00-00 00:00:00"
"164","975237","HYDRAULIC FIREWALL SHUTOFF VALVE","ITT AEROSPACE","64",,"0000-00-00 00:00:00","0000-00-00 00:00:00"
"165","975248","HYDRAULIC FIREWALL SHUTOFF VALVE","ITT AEROSPACE","64",,"0000-00-00 00:00:00","0000-00-00 00:00:00"
"166","975266","HYDRAULIC FIREWALL SHUTOFF VALVE","ITT AEROSPACE","64",,"0000-00-00 00:00:00","0000-00-00 00:00:00"
"167","975306","HYDRAULIC FIREWALL SHUTOFF VALVE","ITT AEROSPACE","64",,"0000-00-00 00:00:00","0000-00-00 00:00:00"
"168","AV24B1428","HYDRAULIC FIREWALL SHUTOFF VALVE","ITT AEROSPACE","64",,"0000-00-00 00:00:00","0000-00-00 00:00:00"
"169","AV24B1445","HYDRAULIC FIREWALL SHUTOFF VALVE","ITT AEROSPACE","64",,"0000-00-00 00:00:00","0000-00-00 00:00:00"
"170","AV24B1461","HYDRAULIC FIREWALL SHUTOFF VALVE","ITT AEROSPACE","64",,"0000-00-00 00:00:00","0000-00-00 00:00:00"
"171","17002","MAIN LANDING GEAR","SAFRAN LS","65",,"0000-00-00 00:00:00","0000-00-00 00:00:00"
"172","16520","NLG RETRACTION ACTUATOR ASSY","SAFRAN LS","66",,"0000-00-00 00:00:00","0000-00-00 00:00:00"
"173","16400","NLG DRAG BRACE ASSEMBLY","SAFRAN LS","67",,"0000-00-00 00:00:00","0000-00-00 00:00:00"
"174","16300","STEERING ACTUATOR ASSEMBLY","SAFRAN LS","68",,"0000-00-00 00:00:00","0000-00-00 00:00:00"
"175","16480","NLG STEERING MANIFOLD ASSEMBLY","SAFRAN LS","68",,"0000-00-00 00:00:00","0000-00-00 00:00:00"
"176","17300","CL601-RJ HARNESS","SAFRAN LS","69",,"0000-00-00 00:00:00","0000-00-00 00:00:00"
"177","A25451001","UPLOCK ASSY","SAFRAN LS","70",,"0000-00-00 00:00:00","0000-00-00 00:00:00"
"178","A25452001","UPLOCK ASSY","SAFRAN LS","70",,"0000-00-00 00:00:00","0000-00-00 00:00:00"
"179","A25453001","UPLOCK ASSY","SAFRAN LS","70",,"0000-00-00 00:00:00","0000-00-00 00:00:00"
"180","A25454001","UPLOCK ASSY","SAFRAN LS","70",,"0000-00-00 00:00:00","0000-00-00 00:00:00"
"181","88003A0101","VALVE, GROUND VENTING","LIEBHERR","71",,"0000-00-00 00:00:00","0000-00-00 00:00:00"
"182","88003A0201","VALVE, GROUND VENTING","LIEBHERR","71",,"0000-00-00 00:00:00","0000-00-00 00:00:00"
"183","88003B0101","VALVE, GROUND VENTING","LIEBHERR","71",,"0000-00-00 00:00:00","0000-00-00 00:00:00"
"184","88003B0201","VALVE, GROUND VENTING","LIEBHERR","71",,"0000-00-00 00:00:00","0000-00-00 00:00:00"
"185","9201A01","ACTUATOR","ABG-SEMCA","71",,"0000-00-00 00:00:00","0000-00-00 00:00:00"
"186","9201A02","ACTUATOR","ABG-SEMCA","71",,"0000-00-00 00:00:00","0000-00-00 00:00:00"
"187","D22710000","SIDE BRACE ASSEMBLY, MLG","SAFRAN LS","72",,"0000-00-00 00:00:00","0000-00-00 00:00:00"
"188","D22715000","UNLOCKING ACTUATOR, MLG","SAFRAN LS","73",,"0000-00-00 00:00:00","0000-00-00 00:00:00"
"189","D22715500","UNLOCKING ACTUATOR, MLG","SAFRAN LS","73",,"0000-00-00 00:00:00","0000-00-00 00:00:00"
"190","201073003","SIDE STAY ASSEMBLY","SAFRAN LS","74",,"0000-00-00 00:00:00","0000-00-00 00:00:00"
"191","D22703000","DRAG BRACE ASSEMBLY, NLG","SAFRAN LS","75",,"0000-00-00 00:00:00","0000-00-00 00:00:00"
"192","D22703072","DRAG BRACE ASSEMBLY, NLG","SAFRAN LS","75",,"0000-00-00 00:00:00","0000-00-00 00:00:00"
"193","D22708000","UNLOCKING ACTUATOR, NLG","SAFRAN LS","76",,"0000-00-00 00:00:00","0000-00-00 00:00:00"
"194","D22708500","UNLOCKING ACTUATOR, NLG","SAFRAN LS","76",,"0000-00-00 00:00:00","0000-00-00 00:00:00"
"195","1023100","DAMPER, ELEVATOR FLUTTER","HEROUX","77",,"0000-00-00 00:00:00","0000-00-00 00:00:00"
"196","102526003","DOUBLE PRESSURE RELIEF VALVE","SAFRAN LS","78",,"0000-00-00 00:00:00","0000-00-00 00:00:00"
"197","201071001","NOSE LANDING GEAR","SAFRAN LS","78",,"0000-00-00 00:00:00","0000-00-00 00:00:00"
"198","201071002","NOSE LANDING GEAR","SAFRAN LS","78",,"0000-00-00 00:00:00","0000-00-00 00:00:00"
"199","201071003","NOSE LANDING GEAR","SAFRAN LS","78",,"0000-00-00 00:00:00","0000-00-00 00:00:00"
"200","201071004","NOSE LANDING GEAR","SAFRAN LS","78",,"0000-00-00 00:00:00","0000-00-00 00:00:00"
"201","820902","FLOW CONTROL AND SHUTOFF VALVE","HAMILTON SUNDSTRAND","79",,"0000-00-00 00:00:00","0000-00-00 00:00:00"
"202","40574","ACTUATOR, DC","EATON AEROSPACE","80",,"0000-00-00 00:00:00","0000-00-00 00:00:00"
"203","17051","UPLOCK ASSY, MLG","SAFRAN LS","81",,"0000-00-00 00:00:00","0000-00-00 00:00:00"
"204","D23197000","UPPER INT ELECTRICAL HARNESS, LH","SAFRAN LS","82",,"0000-00-00 00:00:00","0000-00-00 00:00:00"
"205","D23198000","UPPER INT ELECTRICAL HARNESS, RH","SAFRAN LS","82",,"0000-00-00 00:00:00","0000-00-00 00:00:00"
"206","D23199000","LOWER INT ELECTRICAL HARNESS, LH","SAFRAN LS","82",,"0000-00-00 00:00:00","0000-00-00 00:00:00"
"207","D23200000","LOWER INT ELECTRICAL HARNESS. RH","SAFRAN LS","82",,"0000-00-00 00:00:00","0000-00-00 00:00:00"
"208","D23201000","UPPER EXT ELECTRICAL HARNESS, LH","SAFRAN LS","82",,"0000-00-00 00:00:00","0000-00-00 00:00:00"
"209","D23202000","UPPER EXT ELECTRICAL HARNESS, RH","SAFRAN LS","82",,"0000-00-00 00:00:00","0000-00-00 00:00:00"
"210","D23203000","LOWER EXT ELECTRICAL HARNESS ,LH","SAFRAN LS","82",,"0000-00-00 00:00:00","0000-00-00 00:00:00"
"211","D23204000","LOWER EXT ELECTRICAL HARNESS, RH","SAFRAN LS","82",,"0000-00-00 00:00:00","0000-00-00 00:00:00"
"212","D2318800","SHOCK ABSORBER, MLG","SAFRAN LS","83",,"0000-00-00 00:00:00","0000-00-00 00:00:00"
"213","D23188000","SHOCK ABSORBER, MLG","SAFRAN LS","83",,"0000-00-00 00:00:00","0000-00-00 00:00:00"
"214","D23189000","LH LEG ASSEMBLY, MLG","SAFRAN LS","83",,"0000-00-00 00:00:00","0000-00-00 00:00:00"
"215","D23189100","LH LEG ASSEMBLY, MLG","SAFRAN LS","83",,"0000-00-00 00:00:00","0000-00-00 00:00:00"
"216","D23190000","RH LEG ASSEMBLY, MLG","SAFRAN LS","83",,"0000-00-00 00:00:00","0000-00-00 00:00:00"
"217","D23190100","LH LEG ASSEMBLY, MLG","SAFRAN LS","83",,"0000-00-00 00:00:00","0000-00-00 00:00:00"
"218","D23191000","LH LEG STRUCTURE, MLG","SAFRAN LS","83",,"0000-00-00 00:00:00","0000-00-00 00:00:00"
"219","D23192000","LH LEG STRUCTURE, MLG","SAFRAN LS","83",,"0000-00-00 00:00:00","0000-00-00 00:00:00"
"220","D23195000","LH LEG STRUCTURE COVERING, MLG","SAFRAN LS","83",,"0000-00-00 00:00:00","0000-00-00 00:00:00"
"221","D23195100","LH LEG STRUCTURE COVERING, MLG","SAFRAN LS","83",,"0000-00-00 00:00:00","0000-00-00 00:00:00"
"222","D23196000","RH LEG STRUCTURE COVERING, MLG","SAFRAN LS","83",,"0000-00-00 00:00:00","0000-00-00 00:00:00"
"223","D23196100","RH LEG STRUCTURE COVERING, MLG","SAFRAN LS","83",,"0000-00-00 00:00:00","0000-00-00 00:00:00"
"224","D23313000","SELF-CLEANING VALVE","SAFRAN LS","83",,"0000-00-00 00:00:00","0000-00-00 00:00:00"
"225","D23567000","CASING ASSEMBLY","SAFRAN LS","83",,"0000-00-00 00:00:00","0000-00-00 00:00:00"
"226","D23567100","CASING ASSEMBLY","SAFRAN LS","83",,"0000-00-00 00:00:00","0000-00-00 00:00:00"
"227","D23568000","CASING ASSEMBLY","SAFRAN LS","83",,"0000-00-00 00:00:00","0000-00-00 00:00:00"
"228","D23568100","CASING ASSEMBLY","SAFRAN LS","83",,"0000-00-00 00:00:00","0000-00-00 00:00:00"
"229","146435","MANUALLY OPERATED ROTARY SHUTTOFF VALVE","WHITTAKER CONTROLS","84",,"0000-00-00 00:00:00","0000-00-00 00:00:00"
"230","149455","MANUALLY OPERATED ROTARY SHUTTOFF VALVE","WHITTAKER CONTROLS","84",,"0000-00-00 00:00:00","0000-00-00 00:00:00"
"231","65-44581","SHUT OFF VALVE MODULAR PACKAGE ASSEMBLY","BOEING","84",,"0000-00-00 00:00:00","0000-00-00 00:00:00"
"232","65-44896","SHUT OFF VALVE MODULAR PACKAGE ASSEMBLY","BOEING","84",,"0000-00-00 00:00:00","0000-00-00 00:00:00"
"233","371380","HYDRAULIC PUMP","EATON AEROSPACE","85",,"0000-00-00 00:00:00","0000-00-00 00:00:00"
"234","424244","HYDRAULIC PUMP","EATON AEROSPACE","85",,"0000-00-00 00:00:00","0000-00-00 00:00:00"
"235","569653","HYDRAULIC PUMP","EATON AEROSPACE","85",,"0000-00-00 00:00:00","0000-00-00 00:00:00"
"236","623337","HYDRAULIC PUMP","EATON AEROSPACE","85",,"0000-00-00 00:00:00","0000-00-00 00:00:00"
"237","623339","HYDRAULIC PUMP","EATON AEROSPACE","85",,"0000-00-00 00:00:00","0000-00-00 00:00:00"
"238","PV3-160","HYDRAULIC PUMP","EATON AEROSPACE","85",,"0000-00-00 00:00:00","0000-00-00 00:00:00"
"239","731840","HYDRAULIC MOTOR PUMP","EATON AEROSPACE","86",,"0000-00-00 00:00:00","0000-00-00 00:00:00"
"240","849557","HYDRAULIC MOTOR PUMP","EATON AEROSPACE","86",,"0000-00-00 00:00:00","0000-00-00 00:00:00"
"242","46500","UPLOCK ASSEMBLY, MLG","GOODRICH","88",,"0000-00-00 00:00:00","0000-00-00 00:00:00"
"243","AL00102","LINEAR ACTUATOR","GOODRICH","89",,"0000-00-00 00:00:00","0000-00-00 00:00:00"
"244","109804-1","TWO AND ONE-HALF INCH DIAMETER BUTTERFLY AND SHUTOFF VALVE","HONEYWELL","90",,"0000-00-00 00:00:00","0000-00-00 00:00:00"
"245","109804-2","TWO AND ONE-HALF INCH DIAMETER BUTTERFLY AND SHUTOFF VALVE","HONEYWELL","90",,"0000-00-00 00:00:00","0000-00-00 00:00:00"
"246","109804-3","TWO AND ONE-HALF INCH DIAMETER BUTTERFLY AND SHUTOFF VALVE","HONEYWELL","90",,"0000-00-00 00:00:00","0000-00-00 00:00:00"
"247","109804-4","TWO AND ONE-HALF INCH DIAMETER BUTTERFLY AND SHUTOFF VALVE","HONEYWELL","90",,"0000-00-00 00:00:00","0000-00-00 00:00:00"
"248","109804-6","TWO AND ONE-HALF INCH DIAMETER BUTTERFLY AND SHUTOFF VALVE","HONEYWELL","90",,"0000-00-00 00:00:00","0000-00-00 00:00:00"
"249","109804-7","TWO AND ONE-HALF INCH DIAMETER BUTTERFLY AND SHUTOFF VALVE","HONEYWELL","90",,"0000-00-00 00:00:00","0000-00-00 00:00:00"
"250","22405-300","UPLOCK UNIT, MAIN AND NOSE LANDING GEAR","SAFRAN LS","91",,"0000-00-00 00:00:00","0000-00-00 00:00:00"
"251","23265-300","NLG UPLOCK ELECTRICAL HARNESS","SAFRAN LS","91",,"0000-00-00 00:00:00","0000-00-00 00:00:00"
"252","979990","ONE AND ONE-HALF INCH DIAMETER TEMPERATURE CONTROL VALVE","HONEYWELL","92",,"0000-00-00 00:00:00","0000-00-00 00:00:00"
"253","52600","NLG FWD DOOR MECHANISM ASSEMBLY","GOODRICH","93",,"0000-00-00 00:00:00","0000-00-00 00:00:00"
"254","3214560","PRESSURE REGULATING AND SHUTOFF VALVE","HONEYWELL","94",,"0000-00-00 00:00:00","0000-00-00 00:00:00"
"256","AV17B3193C","MOTOR OPERATED BUTTERFLY VALVE ASSEMBLY","ITT AEROSPACE","95",,"0000-00-00 00:00:00","0000-00-00 00:00:00"
"257","100-25109Y","PARKING AND EMERGENCY BRAKE CONTROL VALVE","MAGNAGHI MILANO","96",,"0000-00-00 00:00:00","0000-00-00 00:00:00"
"258","820939","DISTRIBUTION DAMPER VALVE","HAMILTON SUNDSTRAND","97",,"0000-00-00 00:00:00","0000-00-00 00:00:00"
"260","821168","ROTARY ACTUATOR","HAMILTON SUNDSTRAND","97",,"0000-00-00 00:00:00","0000-00-00 00:00:00"
"262","C23791","LEG ASSEMBLY, MLG","SAFRAN LS","98",,"0000-00-00 00:00:00","0000-00-00 00:00:00"
"263","C23791-10","LEG ASSEMBLY, MLG","SAFRAN LS","98",,"0000-00-00 00:00:00","0000-00-00 00:00:00"
"264","C23792","LEG ASSEMBLY, MLG","SAFRAN LS","98",,"0000-00-00 00:00:00","0000-00-00 00:00:00"
"265","C23792-10","LEG ASSEMBLY, MLG","SAFRAN LS","98",,"0000-00-00 00:00:00","0000-00-00 00:00:00"
"266","C23793","BARREL ASSEMBLY, MLG","SAFRAN LS","98",,"0000-00-00 00:00:00","0000-00-00 00:00:00"
"267","C23793-10","BARREL ASSEMBLY, MLG","SAFRAN LS","98",,"0000-00-00 00:00:00","0000-00-00 00:00:00"
"268","C23794","BARREL ASSEMBLY, MLG","SAFRAN LS","98",,"0000-00-00 00:00:00","0000-00-00 00:00:00"
"269","C23794-10","BARREL ASSEMBLY, MLG","SAFRAN LS","98",,"0000-00-00 00:00:00","0000-00-00 00:00:00"
"270","C23795","SHOCK ABSORBER, MLG","SAFRAN LS","98",,"0000-00-00 00:00:00","0000-00-00 00:00:00"
"271","C23796","SHOCK ABSORBER, MLG","SAFRAN LS","98",,"0000-00-00 00:00:00","0000-00-00 00:00:00"
"272","USM15","SWIVEL COUPLING","SAFRAN LS","98",,"0000-00-00 00:00:00","0000-00-00 00:00:00"
"273","A25455","SERVOVALVE","SAFRAN LS","99",,"0000-00-00 00:00:00","0000-00-00 00:00:00"
"274","A25455004","SERVOVALVE","SAFRAN LS","99",,"0000-00-00 00:00:00","0000-00-00 00:00:00"
"275","C23787","LEG ASSEMBLY, NLG","SAFRAN LS","99",,"0000-00-00 00:00:00","0000-00-00 00:00:00"
"276","C23787-10","LEG ASSEMBLY, NLG","SAFRAN LS","99",,"0000-00-00 00:00:00","0000-00-00 00:00:00"
"277","C23788","BARREL ASSEMBLY, NLG","SAFRAN LS","99",,"0000-00-00 00:00:00","0000-00-00 00:00:00"
"278","C23788-10","BARREL ASSEMBLY, NLG","SAFRAN LS","99",,"0000-00-00 00:00:00","0000-00-00 00:00:00"
"279","C23789","SHOCK ABSORBER, NLG","SAFRAN LS","99",,"0000-00-00 00:00:00","0000-00-00 00:00:00"
"280","C23789-10","SHOCK ABSORBER, NLG","SAFRAN LS","99",,"0000-00-00 00:00:00","0000-00-00 00:00:00"
"281","C24243005","FOLLOW-UP UNIT","SAFRAN LS","99",,"0000-00-00 00:00:00","0000-00-00 00:00:00"
"282","C24243","FOLLOW-UP UNIT","SAFRAN LS","99",,"0000-00-00 00:00:00","0000-00-00 00:00:00"
"283","C24248003","HYDRAULIC ASSEMBLY","SAFRAN LS","99",,"0000-00-00 00:00:00","0000-00-00 00:00:00"
"284","C24248","HYDRAULIC ASSEMBLY","SAFRAN LS","99",,"0000-00-00 00:00:00","0000-00-00 00:00:00"
"285","C22021","ELECTRICAL HARNESS","SAFRAN LS","100",,"0000-00-00 00:00:00","0000-00-00 00:00:00"
"286","C23823","ELECTRICAL HARNESS","SAFRAN LS","100",,"0000-00-00 00:00:00","0000-00-00 00:00:00"
"287","C23824","ELECTRICAL HARNESS","SAFRAN LS","100",,"0000-00-00 00:00:00","0000-00-00 00:00:00"
"288","C23844","PROXIMITY SWITCH UNIT","SAFRAN LS","100",,"0000-00-00 00:00:00","0000-00-00 00:00:00"
"289","C23845","PROXIMITY SWITCH UNIT","SAFRAN LS","100",,"0000-00-00 00:00:00","0000-00-00 00:00:00"
"290","D22103","ELECTRICAL HARNESS","SAFRAN LS","100",,"0000-00-00 00:00:00","0000-00-00 00:00:00"
"291","D22104","ELECTRICAL HARNESS","SAFRAN LS","100",,"0000-00-00 00:00:00","0000-00-00 00:00:00"
"292","D22255","ELECTRICAL CABLE ASSEMBLY","SAFRAN LS","100",,"0000-00-00 00:00:00","0000-00-00 00:00:00"
"293","D22256","ELECTRICAL CABLE ASSEMBLY","SAFRAN LS","100",,"0000-00-00 00:00:00","0000-00-00 00:00:00"
"294","C24589000","UPLOCK BOX","SAFRAN LS","101",,"0000-00-00 00:00:00","0000-00-00 00:00:00"
"295","C24603000","LEVER ASSY","SAFRAN LS","101",,"0000-00-00 00:00:00","0000-00-00 00:00:00"
"296","C24604000","LEVER ASSY","SAFRAN LS","101",,"0000-00-00 00:00:00","0000-00-00 00:00:00"
"297","10200","MLG DRAG STRUT","SAFRAN LS","102",,"0000-00-00 00:00:00","0000-00-00 00:00:00"
"298","820914","PACK BYPASS VALVE","HAMILTON SUNDSTRAND","103",,"0000-00-00 00:00:00","0000-00-00 00:00:00"
"299","3289704","SHUTOFF VALVE","HONEYWELL","104",,"0000-00-00 00:00:00","0000-00-00 00:00:00"
"300","3029683","HYDRAULIC MOTORPUMP ASSEMBLY","EATON AEROSPACE","105",,"0000-00-00 00:00:00","0000-00-00 00:00:00"
"301","3029700","ELECTRICAL MOTOR SUBASSEMBLY","EATON AEROSPACE","105",,"0000-00-00 00:00:00","0000-00-00 00:00:00"
"302","518150","HYDRAULIC MOTORPUMP ASSEMBLY","EATON AEROSPACE","105",,"0000-00-00 00:00:00","0000-00-00 00:00:00"
"303","518157","ELECTRICAL MOTOR SUBASSEMBLY","EATON AEROSPACE","105",,"0000-00-00 00:00:00","0000-00-00 00:00:00"
"304","518203","VARIABLE DISPLACEMENT HYDRAULIC PUMP","EATON AEROSPACE","105",,"0000-00-00 00:00:00","0000-00-00 00:00:00"
"305","693335","HYDRAULIC MOTORPUMP ASSEMBLY","EATON AEROSPACE","105",,"0000-00-00 00:00:00","0000-00-00 00:00:00"
"306","693337","ELECTRICAL MOTOR SUBASSEMBLY","EATON AEROSPACE","105",,"0000-00-00 00:00:00","0000-00-00 00:00:00"
"307","693830","VARIABLE DISPLACEMENT HYDRAULIC PUMP","EATON AEROSPACE","105",,"0000-00-00 00:00:00","0000-00-00 00:00:00"
"308","23425-300","NLG ELECTRICAL POWER HARNESS","SAFRAN LS","106",,"0000-00-00 00:00:00","0000-00-00 00:00:00"
"309","46550","RETRACTION ACTUATOR ASSEMBLY, MLG","GOODRICH","107",,"0000-00-00 00:00:00","0000-00-00 00:00:00"
"310","201105001","SIDE STAY, MLG","SAFRAN LS","108",,"0000-00-00 00:00:00","0000-00-00 00:00:00"
"311","201105002","SIDE STAY, MLG","SAFRAN LS","108",,"0000-00-00 00:00:00","0000-00-00 00:00:00"
"312","201105003","SIDE STAY, MLG","SAFRAN LS","108",,"0000-00-00 00:00:00","0000-00-00 00:00:00"
"313","201105004","SIDE STAY, MLG","SAFRAN LS","108",,"0000-00-00 00:00:00","0000-00-00 00:00:00"
"314","200876279","ELECTRICAL HARNESSES","ULTRA ELECTRONICS","109",,"0000-00-00 00:00:00","0000-00-00 00:00:00"
"315","200877260L","ELECTRICAL HARNESSES","ULTRA ELECTRONICS","109",,"0000-00-00 00:00:00","0000-00-00 00:00:00"
"316","200877260R","ELECTRICAL HARNESSES","ULTRA ELECTRONICS","109",,"0000-00-00 00:00:00","0000-00-00 00:00:00"
"317","200877261L","ELECTRICAL HARNESSES","ULTRA ELECTRONICS","109",,"0000-00-00 00:00:00","0000-00-00 00:00:00"
"318","200877261R","ELECTRICAL HARNESSES","ULTRA ELECTRONICS","109",,"0000-00-00 00:00:00","0000-00-00 00:00:00"
"319","200877262","ELECTRICAL HARNESSES","ULTRA ELECTRONICS","109",,"0000-00-00 00:00:00","0000-00-00 00:00:00"
"320","200877263","ELECTRICAL HARNESSES","ULTRA ELECTRONICS","109",,"0000-00-00 00:00:00","0000-00-00 00:00:00"
"321","200884212L","ELECTRICAL HARNESSES","ULTRA ELECTRONICS","109",,"0000-00-00 00:00:00","0000-00-00 00:00:00"
"322","200884212R","ELECTRICAL HARNESSES","ULTRA ELECTRONICS","109",,"0000-00-00 00:00:00","0000-00-00 00:00:00"
"323","200884217","ELECTRICAL HARNESSES","ULTRA ELECTRONICS","109",,"0000-00-00 00:00:00","0000-00-00 00:00:00"
"324","200884218","ELECTRICAL HARNESSES","ULTRA ELECTRONICS","109",,"0000-00-00 00:00:00","0000-00-00 00:00:00"
"325","200884219","ELECTRICAL HARNESSES","ULTRA ELECTRONICS","109",,"0000-00-00 00:00:00","0000-00-00 00:00:00"
"326","200884221","ELECTRICAL HARNESSES","ULTRA ELECTRONICS","109",,"0000-00-00 00:00:00","0000-00-00 00:00:00"
"327","200884243","ELECTRICAL HARNESSES","ULTRA ELECTRONICS","109",,"0000-00-00 00:00:00","0000-00-00 00:00:00"
"328","200884245","ELECTRICAL HARNESSES","ULTRA ELECTRONICS","109",,"0000-00-00 00:00:00","0000-00-00 00:00:00"
"329","200884249","ELECTRICAL HARNESSES","ULTRA ELECTRONICS","109",,"0000-00-00 00:00:00","0000-00-00 00:00:00"
"330","200884250","ELECTRICAL HARNESSES","ULTRA ELECTRONICS","109",,"0000-00-00 00:00:00","0000-00-00 00:00:00"
"331","200885202","ELECTRICAL HARNESSES","ULTRA ELECTRONICS","109",,"0000-00-00 00:00:00","0000-00-00 00:00:00"
"332","200885203","ELECTRICAL HARNESSES","ULTRA ELECTRONICS","109",,"0000-00-00 00:00:00","0000-00-00 00:00:00"
"333","200885206","ELECTRICAL HARNESSES","ULTRA ELECTRONICS","109",,"0000-00-00 00:00:00","0000-00-00 00:00:00"
"334","200885207","ELECTRICAL HARNESSES","ULTRA ELECTRONICS","109",,"0000-00-00 00:00:00","0000-00-00 00:00:00"
"335","200898202","ELECTRICAL HARNESSES","ULTRA ELECTRONICS","109",,"0000-00-00 00:00:00","0000-00-00 00:00:00"
"336","200898203","ELECTRICAL HARNESSES","ULTRA ELECTRONICS","109",,"0000-00-00 00:00:00","0000-00-00 00:00:00"
"337","200898204","ELECTRICAL HARNESSES","ULTRA ELECTRONICS","109",,"0000-00-00 00:00:00","0000-00-00 00:00:00"
"338","200898205","ELECTRICAL HARNESSES","ULTRA ELECTRONICS","109",,"0000-00-00 00:00:00","0000-00-00 00:00:00"
"339","200915230","ELECTRICAL HARNESSES","ULTRA ELECTRONICS","109",,"0000-00-00 00:00:00","0000-00-00 00:00:00"
"340","200915231","ELECTRICAL HARNESSES","ULTRA ELECTRONICS","109",,"0000-00-00 00:00:00","0000-00-00 00:00:00"
"341","200915232","ELECTRICAL HARNESSES","ULTRA ELECTRONICS","109",,"0000-00-00 00:00:00","0000-00-00 00:00:00"
"342","200915233","ELECTRICAL HARNESSES","ULTRA ELECTRONICS","109",,"0000-00-00 00:00:00","0000-00-00 00:00:00"
"343","2214805","TEMPERATURE CONTROL VALVE","HONEYWELL","110",,"0000-00-00 00:00:00","0000-00-00 00:00:00"
"345","47200","SHOCK STRUT ASSEMBLY, DRESSED, NLG","GOODRICH","111",,"0000-00-00 00:00:00","0000-00-00 00:00:00"
"346","20045","NLG DRAG BRACE ASSEMBLY","SAFRAN LS","112",,"0000-00-00 00:00:00","0000-00-00 00:00:00"
"347","104479001","ONE-WAY RESTRICTOR VALVE","SAFRAN LS","113",,"0000-00-00 00:00:00","0000-00-00 00:00:00"
"348","20020","NOSE LANDING GEAR","SAFRAN LS","113",,"0000-00-00 00:00:00","0000-00-00 00:00:00"
"349","7102","STEERING CONTROL AND POSITION FEEDBACK ASSEMBLY","SAFRAN LS","113",,"0000-00-00 00:00:00","0000-00-00 00:00:00"
"350","19010-101","MLG SIDE STAY ACTUATOR ASSEMBLY","GE AVIATION","114",,"0000-00-00 00:00:00","0000-00-00 00:00:00"
"351","19010","MLG SIDE STAY ACTUATOR ASSEMBLY","GE AVIATION","114",,"0000-00-00 00:00:00","0000-00-00 00:00:00"
"352","19011-101","MLG SIDE STAY ACTUATOR ASSEMBLY","GE AVIATION","114",,"0000-00-00 00:00:00","0000-00-00 00:00:00"
"353","19011","MLG SIDE STAY ACTUATOR ASSEMBLY","GE AVIATION","114",,"0000-00-00 00:00:00","0000-00-00 00:00:00"
"354","19090","MAIN LANDING GEAR","SAFRAN LS","115",,"0000-00-00 00:00:00","0000-00-00 00:00:00"
"355","104471003","NLG RETRACTION ACTUATOR ASSEMBLY","SAFRAN LS","116",,"0000-00-00 00:00:00","0000-00-00 00:00:00"
"356","19300","WOW SENSOR # 1 AND ANTI-SKID LHS INBD HARNESS, MLG","SAFRAN LS","117",,"0000-00-00 00:00:00","0000-00-00 00:00:00"
"357","D23213000","ACTUATING CYLINDER","SAFRAN LS","118",,"0000-00-00 00:00:00","0000-00-00 00:00:00"
"358","D23214000","ACTUATING CYLINDER","SAFRAN LS","118",,"0000-00-00 00:00:00","0000-00-00 00:00:00"
"359","16600","NLG UPLOCK ASSEMBLY","SAFRAN LS","119",,"0000-00-00 00:00:00","0000-00-00 00:00:00"
"360","201399007","ENHANCED HARNESS, MLG, LH, 1M","SAFRAN LS","120",,"0000-00-00 00:00:00","0000-00-00 00:00:00"
"361","201399008","ENHANCED HARNESS, MLG, RH, 1M","SAFRAN LS","120",,"0000-00-00 00:00:00","0000-00-00 00:00:00"
"362","201400005","ENHANCED HARNESS, MLG, LH, 2M","SAFRAN LS","120",,"0000-00-00 00:00:00","0000-00-00 00:00:00"
"363","201400006","ENHANCED HARNESS, MLG, RH, 2M","SAFRAN LS","120",,"0000-00-00 00:00:00","0000-00-00 00:00:00"
"364","D22897500","ACTUATING CYLINDER","SAFRAN LS","121",,"0000-00-00 00:00:00","0000-00-00 00:00:00"
"365","D22898500","ACTUATING CYLINDER","SAFRAN LS","121",,"0000-00-00 00:00:00","0000-00-00 00:00:00"
"366","200812001","STEERING ACTUATOR","SAFRAN LS","122",,"0000-00-00 00:00:00","0000-00-00 00:00:00"
"367","200924004","NOSE LANDING GEAR ASSEMBLY","SAFRAN LS","122",,"0000-00-00 00:00:00","0000-00-00 00:00:00"
"368","7300","NOSE LANDING GEAR ASSEMBLY","SAFRAN LS","122",,"0000-00-00 00:00:00","0000-00-00 00:00:00"
"369","7302","STEERING ACTUATOR","SAFRAN LS","122",,"0000-00-00 00:00:00","0000-00-00 00:00:00"
"370","10190","MLG SHOCK STRUT","SAFRAN LS","123",,"0000-00-00 00:00:00","0000-00-00 00:00:00"
"371","37","3-WAY SERVOVALVE ASSEMBLY","CRANE","124",,"0000-00-00 00:00:00","0000-00-00 00:00:00"
"372","39-739","ANTISKID VALVE MANIFOLD","CRANE","124",,"0000-00-00 00:00:00","0000-00-00 00:00:00"
"373","3290104","ONE AND ONE-HALF INCH DIAMETER BUTTERFLY MODULATING VALVE","HONEYWELL","125",,"0000-00-00 00:00:00","0000-00-00 00:00:00"
"374","3214558","TWO INCH DIAMETER REGULATING AND SHUT-OFF VALVE","HONEYWELL","126",,"0000-00-00 00:00:00","0000-00-00 00:00:00"
"376","22910-000","ELECTRICAL HARNESS","SAFRAN LS","127",,"0000-00-00 00:00:00","0000-00-00 00:00:00"
"377","22915-000","ELECTRICAL HARNESS","SAFRAN LS","127",,"0000-00-00 00:00:00","0000-00-00 00:00:00"
"378","23055-000","NLG FEEDBACK POTENTIOMETER HARNESS","SAFRAN LS","127",,"0000-00-00 00:00:00","0000-00-00 00:00:00"
"379","23285-000","ELECTRICAL HARNESS","SAFRAN LS","127",,"0000-00-00 00:00:00","0000-00-00 00:00:00"
"380","23415-000","NLG MAIN ELECTRICAL HARNESS","SAFRAN LS","127",,"0000-00-00 00:00:00","0000-00-00 00:00:00"
"381","23425-000","NLG ELECTRICAL POWER HARNESS","SAFRAN LS","127",,"0000-00-00 00:00:00","0000-00-00 00:00:00"
"382","D23685000","ELECTRICAL HARNESS","SAFRAN LS","127",,"0000-00-00 00:00:00","0000-00-00 00:00:00"
"383","D23686000","ELECTRICAL HARNESS","SAFRAN LS","127",,"0000-00-00 00:00:00","0000-00-00 00:00:00"
"384","D23687000","ELECTRICAL HARNESS","SAFRAN LS","127",,"0000-00-00 00:00:00","0000-00-00 00:00:00"
"385","D23688000","ELECTRICAL HARNESS","SAFRAN LS","127",,"0000-00-00 00:00:00","0000-00-00 00:00:00"
"386","FE179","FLAP CONTROL ACTUATOR","RATIER FIGEAC","128",,"0000-00-00 00:00:00","0000-00-00 00:00:00"
"387","FE237","FLAP CONTROL ACTUATOR","RATIER FIGEAC","128",,"0000-00-00 00:00:00","0000-00-00 00:00:00"
"388","21500","MLG SIDE BRACE ACTUATOR ASSEMBLY","SAFRAN LS","129",,"0000-00-00 00:00:00","0000-00-00 00:00:00"
"389","21501","MLG SIDE BRACE ACTUATOR ASSEMBLY","SAFRAN LS","129",,"0000-00-00 00:00:00","0000-00-00 00:00:00"
"390","200815001","MLG URLOCK ASSEMBLY","SAFRAN LS","130",,"0000-00-00 00:00:00","0000-00-00 00:00:00"
"391","200823001","MLG UPLOCK ACTUATOR","SAFRAN LS","130",,"0000-00-00 00:00:00","0000-00-00 00:00:00"
"392","2022268","RH OUTBD FLAP ACTUATOR","MOOG","131",,"0000-00-00 00:00:00","0000-00-00 00:00:00"
"393","LA11A2118","LINEAR ACTUATOR","ITT AEROSPACE","132",,"0000-00-00 00:00:00","0000-00-00 00:00:00"
"394","103672","VALVE, OUTFLOW","HONEYWELL","133",,"0000-00-00 00:00:00","0000-00-00 00:00:00"
"395","42152","ELECTRIC MOTOR DRIVEN VARIABLE DELIVERY HYDRAULIC PUMP","PARKER","134",,"0000-00-00 00:00:00","0000-00-00 00:00:00"
"396","44794","AC ELECTRICAL MOTOR","AUXILEC","134",,"0000-00-00 00:00:00","0000-00-00 00:00:00"
"397","A25474070","RESTRICTOR","SAFRAN LS","135",,"0000-00-00 00:00:00","0000-00-00 00:00:00"
"398","C24644070","RESTRICTOR VALVE, NLG & MLG","SAFRAN LS","135",,"0000-00-00 00:00:00","0000-00-00 00:00:00"
"399","D22709000","ACTUATING CYLINDER ASSEMBLY, NLG","SAFRAN LS","135",,"0000-00-00 00:00:00","0000-00-00 00:00:00"
"400","D22709500","ACTUATING CYLINDER ASSEMBLY, NLG","SAFRAN LS","135",,"0000-00-00 00:00:00","0000-00-00 00:00:00"
"401","D22847000","VALVE BOX, NLG","SAFRAN LS","135",,"0000-00-00 00:00:00","0000-00-00 00:00:00"
"402","3214102","SUPPLY REGULATING VALVE","HONEYWELL","136",,"0000-00-00 00:00:00","0000-00-00 00:00:00"
"403","B03AA1020","VALVE, DUAL DISTRIBUTOR","LIEBHERR","137",,"0000-00-00 00:00:00","0000-00-00 00:00:00"
"404","B03AA1031","VALVE, DUAL DISTRIBUTOR","LIEBHERR","137",,"0000-00-00 00:00:00","0000-00-00 00:00:00"
"405","3290288","TEMPERATURE CONTROL VALVE","HONEYWELL","138",,"0000-00-00 00:00:00","0000-00-00 00:00:00"
"406","24125-000","ACTUATOR, MLG RETRACT","SAFRAN LS","139",,"0000-00-00 00:00:00","0000-00-00 00:00:00"
"407","201106001","SHOCK ABSORBER","SAFRAN LS","140",,"0000-00-00 00:00:00","0000-00-00 00:00:00"
"408","104273005","STEERING VALVE","SAFRAN LS","141",,"0000-00-00 00:00:00","0000-00-00 00:00:00"
"409","104273006","STEERING VALVE","SAFRAN LS","141",,"0000-00-00 00:00:00","0000-00-00 00:00:00"
"410","104273007","STEERING VALVE","SAFRAN LS","141",,"0000-00-00 00:00:00","0000-00-00 00:00:00"
"411","104273008","STEERING VALVE","SAFRAN LS","141",,"0000-00-00 00:00:00","0000-00-00 00:00:00"
"412","104733001","SHUTOFF VALVE","SAFRAN LS","141",,"0000-00-00 00:00:00","0000-00-00 00:00:00"
"413","104733002","SHUTOFF VALVE","SAFRAN LS","141",,"0000-00-00 00:00:00","0000-00-00 00:00:00"
"414","104733003","SHUTOFF VALVE","SAFRAN LS","141",,"0000-00-00 00:00:00","0000-00-00 00:00:00"
"415","104801002","COMPENSATOR","SAFRAN LS","141",,"0000-00-00 00:00:00","0000-00-00 00:00:00"
"416","200662001","DIFFERENTIAL BOX","SAFRAN LS","141",,"0000-00-00 00:00:00","0000-00-00 00:00:00"
"417","200662002","DIFFERENTIAL BOX","SAFRAN LS","141",,"0000-00-00 00:00:00","0000-00-00 00:00:00"
"418","201138002","NOSE LANDING GEAR","SAFRAN LS","141",,"0000-00-00 00:00:00","0000-00-00 00:00:00"
"419","816601","HIGH STAGE BLEED VALVE","HAMILTON SUNDSTRAND","142",,"0000-00-00 00:00:00","0000-00-00 00:00:00"
"420","1170B0000","STRUT, NLG","LIEBHERR","143",,"0000-00-00 00:00:00","0000-00-00 00:00:00"
"421","1170C0000","STRUT, NLG","LIEBHERR","143",,"0000-00-00 00:00:00","0000-00-00 00:00:00"
"422","1172B0000","MAIN DRAG STRUT, NLG","LIEBHERR","144",,"0000-00-00 00:00:00","0000-00-00 00:00:00"
"423","1172C0000","MAIN DRAG STRUT, NLG","LIEBHERR","144",,"0000-00-00 00:00:00","0000-00-00 00:00:00"
"424","1172D0000","MAIN DRAG STRUT, NLG","LIEBHERR","144",,"0000-00-00 00:00:00","0000-00-00 00:00:00"
"425","1173B0000","AUXILIARY DRAG STRUT, NLG","LIEBHERR","144",,"0000-00-00 00:00:00","0000-00-00 00:00:00"
"426","1175B0000","UNLOCKING ACTUATOR","LIEBHERR","144",,"0000-00-00 00:00:00","0000-00-00 00:00:00"
"427","1300B0000","NLG MANOEUVRING ACTUATOR","LIEBHERR","144",,"0000-00-00 00:00:00","0000-00-00 00:00:00"
"428","2309-2002","MAIN LANDING GEAR, LH","ELEB","145",,"0000-00-00 00:00:00","0000-00-00 00:00:00"
"429","2309-2005","SHOCK ABSORBER ASSEMBLY, MLG","ELEB","145",,"0000-00-00 00:00:00","0000-00-00 00:00:00"
"430","2309-3002","MAIN LANDING GEAR, LH","ELEB","145",,"0000-00-00 00:00:00","0000-00-00 00:00:00"
"431","2309-3100","MAIN LANDING GEAR, LH","ELEB","145",,"0000-00-00 00:00:00","0000-00-00 00:00:00"
"432","2309-4002","MAIN LANDING GEAR, LH","ELEB","145",,"0000-00-00 00:00:00","0000-00-00 00:00:00"
"433","1170A1800","FEEDBACK UNIT POTENTIOMETER","LIEBHERR","146",,"0000-00-00 00:00:00","0000-00-00 00:00:00"
"434","1170A2900","FEEDBACK UNIT SENSOR","LIEBHERR","146",,"0000-00-00 00:00:00","0000-00-00 00:00:00"
"435","1170A3500","FEEDBACK UNIT POTENTIOMETER","LIEBHERR","146",,"0000-00-00 00:00:00","0000-00-00 00:00:00"
"436","1170A3600","FEEDBACK UNIT SENSOR","LIEBHERR","146",,"0000-00-00 00:00:00","0000-00-00 00:00:00"
"437","2233A0000","STRUT, NLG","LIEBHERR","146",,"0000-00-00 00:00:00","0000-00-00 00:00:00"
"438","2666A0000","STRUT, NLG","LIEBHERR","146",,"0000-00-00 00:00:00","0000-00-00 00:00:00"
"439","2309-2500","MAIN SIDE STRUT, MLG","ELEB","147",,"0000-00-00 00:00:00","0000-00-00 00:00:00"
"440","2309-3500","MAIN SIDE STRUT, MLG","ELEB","147",,"0000-00-00 00:00:00","0000-00-00 00:00:00"
"441","2309-2600","SECONDARY SIDE STRUT, MLG","ELEB","148",,"0000-00-00 00:00:00","0000-00-00 00:00:00"
"442","23040-000","STEERING CONTROL VALVE, NLG","SAFRAN LS","149",,"0000-00-00 00:00:00","0000-00-00 00:00:00"
"443","49103","WIRING HARNESS ASSEMBLY, MLG","GOODRICH","150",,"0000-00-00 00:00:00","0000-00-00 00:00:00"
"444","49313","WIRING HARNESS ASSEMBLY, MLG","GOODRICH","150",,"0000-00-00 00:00:00","0000-00-00 00:00:00"
"445","3289674","ONE INCH DIAMETER BLEED AIR SHUTOFF VALVE","HONEYWELL","151",,"0000-00-00 00:00:00","0000-00-00 00:00:00"
"446","41050","SHOCK STRUT ASSEMBLY, MLG, DRESSED","GOODRICH","153",,"0000-00-00 00:00:00","0000-00-00 00:00:00"
"447","41060","SHOCK STRUT ASSEMBLY, MLG, DRESSED","GOODRICH","153",,"0000-00-00 00:00:00","0000-00-00 00:00:00"
"448","41300","SIDE BRACE ASSEMBLY, LOWER, MLG","GOODRICH","154",,"0000-00-00 00:00:00","0000-00-00 00:00:00"
"450","41350","SIDE BRACE ASSEMBLY, UPPER, MLG","GOODRICH","154",,"0000-00-00 00:00:00","0000-00-00 00:00:00"
"451","41400","LOCK LINK ASSEMBLY, MLG","GOODRICH","154",,"0000-00-00 00:00:00","0000-00-00 00:00:00"
"452","41600","LOCK ACTUATOR ASSEMBLY, MLG","GOODRICH","155",,"0000-00-00 00:00:00","0000-00-00 00:00:00"
"453","41500","RETRACTION ACTUATOR ASSEMBLY, MLG","GOODRICH","156",,"0000-00-00 00:00:00","0000-00-00 00:00:00"
"454","41700","ELECTRICAL HARNESS ASSEMBLY, MLG","GOODRICH","157",,"0000-00-00 00:00:00","0000-00-00 00:00:00"
"455","41700S2100","ELECTRICAL HARNESS ASSEMBLY, MLG","GOODRICH","157",,"0000-00-00 00:00:00","0000-00-00 00:00:00"
"456","49050","SHOCK STRUT ASSEMBLY DRESSED, MLG","GOODRICH","158",,"0000-00-00 00:00:00","0000-00-00 00:00:00"
"458","10018310","EMERGENCY MLG SELECTOR VALVE","SOUTH BEND CONTROL","159",,"0000-00-00 00:00:00","0000-00-00 00:00:00"
"459","22455-000","ACTUATOR, MLG ASSIST","SAFRAN LS","160",,"0000-00-00 00:00:00","0000-00-00 00:00:00"
"460","QA07739","RESERVOIR PRESSURISATION UNIT","PALL AEROSPACE","161",,"0000-00-00 00:00:00","0000-00-00 00:00:00"
"461","7301","BOOTSTRAP RESERVOIR, HYDRAULIC","PNEUDRAULICS","162",,"0000-00-00 00:00:00","0000-00-00 00:00:00"
"462","7302-","BOOTSTRAP RESERVOIR, HYDRAULIC","PNEUDRAULICS","162",,"0000-00-00 00:00:00","0000-00-00 00:00:00"
"463","7303","BOOTSTRAP RESERVOIR, HYDRAULIC","PNEUDRAULICS","162",,"0000-00-00 00:00:00","0000-00-00 00:00:00"
"464","8300","STICK PUSHER ACTUATOR","SAGEM","163",,"0000-00-00 00:00:00","0000-00-00 00:00:00"
"465","39-685","ANTISKID VALVE MANIFOLD (AVM)","CRANE","164",,"0000-00-00 00:00:00","0000-00-00 00:00:00"
"467","114062001","SHIMMY RESTRICTOR","SAFRAN LS","165",,"0000-00-00 00:00:00","0000-00-00 00:00:00"
"468","114200001","SHIMMY RESTRICTOR","SAFRAN LS","165",,"0000-00-00 00:00:00","0000-00-00 00:00:00"
"469","201013001","NOSE LANDING GEAR","SAFRAN LS","165",,"0000-00-00 00:00:00","0000-00-00 00:00:00"
"470","C24295350","THREE-WAY SOLENOID VALVE","SAFRAN LS","166",,"0000-00-00 00:00:00","0000-00-00 00:00:00"
"471","418800","AILERON POWER CONTROL ACTUATOR","PARKER","167",,"0000-00-00 00:00:00","0000-00-00 00:00:00"
"472","3215358","STARTER SHUTOFF VALVE","HONEYWELL","168",,"0000-00-00 00:00:00","0000-00-00 00:00:00"
"473","395800","SPOILER LIFT DUMP SOLENOID VALVE ASSEMBLY","PARKER","169",,"0000-00-00 00:00:00","0000-00-00 00:00:00"
"474","23100-300","SHOCK STRUT ABSORBER, NLG","SAFRAN LS","170",,"0000-00-00 00:00:00","0000-00-00 00:00:00"
"475","887031","HYDRAULIC PUMP","EATON AEROSPACE","171",,"0000-00-00 00:00:00","0000-00-00 00:00:00"
"476","FE193","FLAP CONTROL ACTUATOR","RATIER FIGEAC","172",,"0000-00-00 00:00:00","0000-00-00 00:00:00"
"477","FE231","FLAP CONTROL ACTUATOR","RATIER FIGEAC","172",,"0000-00-00 00:00:00","0000-00-00 00:00:00"
"478","D22700500","SHOCK ABSORBER, NLG","SAFRAN LS","173",,"0000-00-00 00:00:00","0000-00-00 00:00:00"
"479","3290196","ISOLATION VALVE","HONEYWELL","174",,"0000-00-00 00:00:00","0000-00-00 00:00:00"
"480","23700","MLG DAMPER ASSY","GOODRICH","175",,"0000-00-00 00:00:00","0000-00-00 00:00:00"
"481","23100-000","SHOCK STRUT ASSEMBLY, NLG","SAFRAN LS","176",,"0000-00-00 00:00:00","0000-00-00 00:00:00"
"482","23110-000","SHOCK ABSORBER ASSY ,NLG","SAFRAN LS","176",,"0000-00-00 00:00:00","0000-00-00 00:00:00"
"483","22420-000","SHOCK ABSORBER ASSY MLG","SAFRAN LS","177",,"0000-00-00 00:00:00","0000-00-00 00:00:00"
"484","22730-000","LEG ASSY, MLG-LH","SAFRAN LS","177",,"0000-00-00 00:00:00","0000-00-00 00:00:00"
"485","22731-000","LEG ASSY, MLG-RH","SAFRAN LS","177",,"0000-00-00 00:00:00","0000-00-00 00:00:00"
"486","23200-000","DRAG BRACE ASSY, NLG","SAFRAN LS","178",,"0000-00-00 00:00:00","0000-00-00 00:00:00"
"487","53000","STEERING MANIFOLD ASSY, NLG","GOODRICH","179",,"0000-00-00 00:00:00","0000-00-00 00:00:00"
"488","21800","HARNESS, DOWNLOCK A, MLG","SAFRAN LS","180",,"0000-00-00 00:00:00","0000-00-00 00:00:00"
"489","21801","HARNESS, INBD L/H, MLG","SAFRAN LS","180",,"0000-00-00 00:00:00","0000-00-00 00:00:00"
"490","21802","HARNESS, OUTBD L/H, MLG","SAFRAN LS","180",,"0000-00-00 00:00:00","0000-00-00 00:00:00"
"491","21803","HARNESS, INBD R/H, MLG","SAFRAN LS","180",,"0000-00-00 00:00:00","0000-00-00 00:00:00"
"492","21804","HARNESS, OUTBD R/H, MLG","SAFRAN LS","180",,"0000-00-00 00:00:00","0000-00-00 00:00:00"
"493","22800","HARNESS, L/H, NLG","SAFRAN LS","180",,"0000-00-00 00:00:00","0000-00-00 00:00:00"
"494","22801","HARNESS, R/H, NLG","SAFRAN LS","180",,"0000-00-00 00:00:00","0000-00-00 00:00:00"
"495","1285A0100","SWIVEL VALVE ASSEMBLY, L/H","SAFRAN LS","181",,"0000-00-00 00:00:00","0000-00-00 00:00:00"
"496","1285A0300","SWIVEL VALVE ASSEMBLY, R/H","SAFRAN LS","181",,"0000-00-00 00:00:00","0000-00-00 00:00:00"
"497","1287A0000","STEERING ACTUATOR ASSEMBLY, L/H","SAFRAN LS","181",,"0000-00-00 00:00:00","0000-00-00 00:00:00"
"498","1288A0000","STEERING ACTUATOR ASSEMBLY, R/H","SAFRAN LS","181",,"0000-00-00 00:00:00","0000-00-00 00:00:00"
"499","1289A0000","STEERING MANIFOLD ASSEMBLY","SAFRAN LS","181",,"0000-00-00 00:00:00","0000-00-00 00:00:00"
"500","22175","NLG STRUT ASSEMBLY","SAFRAN LS","182",,"0000-00-00 00:00:00","0000-00-00 00:00:00"
"501","26200","NLG TORQUE TUBE ASSEMBLY","SAFRAN LS","182",,"0000-00-00 00:00:00","0000-00-00 00:00:00"
"502","21100","MAIN LANDING GEAR ASSEMBLY, L/H","SAFRAN LS","183",,"0000-00-00 00:00:00","0000-00-00 00:00:00"
"503","22400","NLG RETRACTION ACTUATOR ASSEMBLY","SAFRAN LS","184",,"0000-00-00 00:00:00","0000-00-00 00:00:00"
"504","21600","MLG RETRACTION ACTUATOR ASSEMBLY, L/H","SAFRAN LS","185",,"0000-00-00 00:00:00","0000-00-00 00:00:00"
"505","22500","DRAG BRACE ASSEMBLY, NLG","SAFRAN LS","186",,"0000-00-00 00:00:00","0000-00-00 00:00:00"
"506","3215394","MODULATING SHUTOFF VALVE","HONEYWELL","187",,"0000-00-00 00:00:00","0000-00-00 00:00:00"
"507","23200-300","BRACE ASSEMBLY, NLG","SAFRAN LS","188",,"0000-00-00 00:00:00","0000-00-00 00:00:00"
"508","2323H000","BYPASS VALVE","HONEYWELL","189",,"0000-00-00 00:00:00","0000-00-00 00:00:00"
"509","200814001","NLG DRAG BRACE ASSEMBLY","SAFRAN LS","190",,"0000-00-00 00:00:00","0000-00-00 00:00:00"
"510","7200","NLG DRAG BRACE ASSEMBLY","SAFRAN LS","190",,"0000-00-00 00:00:00","0000-00-00 00:00:00"
"511","104467009","MLG RETRACTION ACTUATOR ASSEMBLY, L/H","SAFRAN LS","191",,"0000-00-00 00:00:00","0000-00-00 00:00:00"
"512","104467010","MLG RETRACTION ACTUATOR ASSEMBLY, R/H","SAFRAN LS","191",,"0000-00-00 00:00:00","0000-00-00 00:00:00"
"513","6500","MLG RETRACTION ACTUATOR ASSEMBLY","SAFRAN LS","191",,"0000-00-00 00:00:00","0000-00-00 00:00:00"
"514","200922001","MAIN LANDING GEAR ASSEMBLY, L/H","SAFRAN LS","192",,"0000-00-00 00:00:00","0000-00-00 00:00:00"
"515","200922002","MAIN LANDING GEAR ASSEMBLY, R/H","SAFRAN LS","192",,"0000-00-00 00:00:00","0000-00-00 00:00:00"
"516","6100","MAIN LANDING GEAR ASSEMBLY, L/H","SAFRAN LS","192",,"0000-00-00 00:00:00","0000-00-00 00:00:00"
"517","2095E010800","OUTFLOW VALVE","LIEBHERR","193",,"0000-00-00 00:00:00","0000-00-00 00:00:00"
"518","2095E020800","OUTFLOW VALVE","LIEBHERR","193",,"0000-00-00 00:00:00","0000-00-00 00:00:00"
"519","2095F010800","OUTFLOW VALVE","LIEBHERR","193",,"0000-00-00 00:00:00","0000-00-00 00:00:00"
"520","2095F020800","OUTFLOW VALVE","LIEBHERR","193",,"0000-00-00 00:00:00","0000-00-00 00:00:00"
"521","2095F030800","OUTFLOW VALVE","LIEBHERR","193",,"0000-00-00 00:00:00","0000-00-00 00:00:00"
"522","31-158","PNEUMATIC DE-ICER BOOT","AERAZUR","194",,"0000-00-00 00:00:00","0000-00-00 00:00:00"
"523","32-158","PNEUMATIC DE-ICER BOOT","AERAZUR","194",,"0000-00-00 00:00:00","0000-00-00 00:00:00"
"524","32P158-1","PNEUMATIC DE-ICER BOOT","AERAZUR","194",,"0000-00-00 00:00:00","0000-00-00 00:00:00"
"525","32P158-2","PNEUMATIC DE-ICER BOOT","AERAZUR","194",,"0000-00-00 00:00:00","0000-00-00 00:00:00"
"526","32P158-22","PNEUMATIC DE-ICER BOOT","AERAZUR","194",,"0000-00-00 00:00:00","0000-00-00 00:00:00"
"527","52SP158-20","PNEUMATIC DE-ICER BOOT","AERAZUR","194",,"0000-00-00 00:00:00","0000-00-00 00:00:00"
"529","32-172","PNEUMATIC DE-ICER BOOT","AERAZUR","195",,"0000-00-00 00:00:00","0000-00-00 00:00:00"
"531","32P172-42","PNEUMATIC DE-ICER BOOT","AERAZUR","195",,"0000-00-00 00:00:00","0000-00-00 00:00:00"
"533","32P172-5","PNEUMATIC DE-ICER BOOT","AERAZUR","195",,"0000-00-00 00:00:00","0000-00-00 00:00:00"
"535","32P172-6","PNEUMATIC DE-ICER BOOT","AERAZUR","195",,"0000-00-00 00:00:00","0000-00-00 00:00:00"
"537","52SP172-41","PNEUMATIC DE-ICER BOOT","AERAZUR","195",,"0000-00-00 00:00:00","0000-00-00 00:00:00"
"538","22405-000","UPLOCK UNIT","SAFRAN LS","196",,"0000-00-00 00:00:00","0000-00-00 00:00:00"
"540","23265-000","UPLOCK ELECTRICAL HARNESS, NLG","SAFRAN LS","196",,"0000-00-00 00:00:00","0000-00-00 00:00:00"
"541","2096G010800","PNEUMATIC OUTFLOW VALVE","LIEBHERR","197",,"0000-00-00 00:00:00","0000-00-00 00:00:00"
"542","2096G020800","PNEUMATIC OUTFLOW VALVE","LIEBHERR","197",,"0000-00-00 00:00:00","0000-00-00 00:00:00"
"543","2096H010800","PNEUMATIC OUTFLOW VALVE","LIEBHERR","197",,"0000-00-00 00:00:00","0000-00-00 00:00:00"
"544","2096H020800","PNEUMATIC OUTFLOW VALVE","LIEBHERR","197",,"0000-00-00 00:00:00","0000-00-00 00:00:00"
"545","2096H030800","PNEUMATIC OUTFLOW VALVE","LIEBHERR","197",,"0000-00-00 00:00:00","0000-00-00 00:00:00"
"546","2096H040800","PNEUMATIC OUTFLOW VALVE","LIEBHERR","197",,"0000-00-00 00:00:00","0000-00-00 00:00:00"
"547","D22698500","LEG ASSEMBLY","SAFRAN LS","198",,"0000-00-00 00:00:00","0000-00-00 00:00:00"
"548","D22699500","LEG STRUCTURE, NLG","SAFRAN LS","198",,"0000-00-00 00:00:00","0000-00-00 00:00:00"
"549","D22870500","LEG STRUCTURE COVERING, NLG","SAFRAN LS","198",,"0000-00-00 00:00:00","0000-00-00 00:00:00"
"550","52000","SHOCK STRUT ASSEMBLY DRESSED, NLG","GOODRICH","199",,"0000-00-00 00:00:00","0000-00-00 00:00:00"
"551","52350","STEERING ACTUATOR ASSEMBLY","GOODRICH","199",,"0000-00-00 00:00:00","0000-00-00 00:00:00"
"552","D22703500","DRAG BRACE ASSEMBLY","SAFRAN LS","200",,"0000-00-00 00:00:00","0000-00-00 00:00:00"
"553","201401206","MLG AND AXLE HARNESS 1M AND 2M","ULTRA ELECTRONICS","201",,"0000-00-00 00:00:00","0000-00-00 00:00:00"
"554","201401207","MLG AND AXLE HARNESS 1M AND 2M","ULTRA ELECTRONICS","201",,"0000-00-00 00:00:00","0000-00-00 00:00:00"
"555","201402205","MLG AND AXLE HARNESS 1M AND 2M","ULTRA ELECTRONICS","201",,"0000-00-00 00:00:00","0000-00-00 00:00:00"
"556","201402206","MLG AND AXLE HARNESS 1M AND 2M","ULTRA ELECTRONICS","201",,"0000-00-00 00:00:00","0000-00-00 00:00:00"
"557","201520001","MLG AND AXLE HARNESS 1M AND 2M","ULTRA ELECTRONICS","201",,"0000-00-00 00:00:00","0000-00-00 00:00:00"
"558","201520002","MLG AND AXLE HARNESS 1M AND 2M","ULTRA ELECTRONICS","201",,"0000-00-00 00:00:00","0000-00-00 00:00:00"
"559","201520003","MLG AND AXLE HARNESS 1M AND 2M","ULTRA ELECTRONICS","201",,"0000-00-00 00:00:00","0000-00-00 00:00:00"
"560","201520004","MLG AND AXLE HARNESS 1M AND 2M","ULTRA ELECTRONICS","201",,"0000-00-00 00:00:00","0000-00-00 00:00:00"
"561","201520005","MLG AND AXLE HARNESS 1M AND 2M","ULTRA ELECTRONICS","201",,"0000-00-00 00:00:00","0000-00-00 00:00:00"
"562","201520006","MLG AND AXLE HARNESS 1M AND 2M","ULTRA ELECTRONICS","201",,"0000-00-00 00:00:00","0000-00-00 00:00:00"
"563","201520007","MLG AND AXLE HARNESS 1M AND 2M","ULTRA ELECTRONICS","201",,"0000-00-00 00:00:00","0000-00-00 00:00:00"
"564","201520008","MLG AND AXLE HARNESS 1M AND 2M","ULTRA ELECTRONICS","201",,"0000-00-00 00:00:00","0000-00-00 00:00:00"
"565","N/A","ATR42 STRUCTURE REPAIR MANUAL","ATR","202",,"0000-00-00 00:00:00","0000-00-00 00:00:00"
"566","100-25111Y","DUAL BRAKE MASTER CYLINDER","MAGNAGHI MILANO","203",,"0000-00-00 00:00:00","0000-00-00 00:00:00"
"567","D23105500","UPPER EXTERNAL ELECTRICAL HARNESS","SAFRAN LS","204",,"0000-00-00 00:00:00","0000-00-00 00:00:00"
"568","D23106500","UPPER EXTERNAL ELECTRICAL HARNESS","SAFRAN LS","204",,"0000-00-00 00:00:00","0000-00-00 00:00:00"
"569","D23107500","LOWER EXTERNAL ELECTRICAL HARNESS","SAFRAN LS","204",,"0000-00-00 00:00:00","0000-00-00 00:00:00"
"570","D23108500","LOWER EXTERNAL ELECTRICAL HARNESS","SAFRAN LS","204",,"0000-00-00 00:00:00","0000-00-00 00:00:00"
"571","D23109500","UPPER INTERNAL ELECTRICAL HARNESS","SAFRAN LS","204",,"0000-00-00 00:00:00","0000-00-00 00:00:00"
"572","D23110500","UPPER INTERNAL ELECTRICAL HARNESS","SAFRAN LS","204",,"0000-00-00 00:00:00","0000-00-00 00:00:00"
"573","D23111500","LOWER INTERNAL ELECTRICAL HARNESS","SAFRAN LS","204",,"0000-00-00 00:00:00","0000-00-00 00:00:00"
"574","D23112500","LOWER INTERNAL ELECTRICAL HARNESS","SAFRAN LS","204",,"0000-00-00 00:00:00","0000-00-00 00:00:00"
"575","D23505000","ELECTRICAL HARNESS","SAFRAN LS","204",,"0000-00-00 00:00:00","0000-00-00 00:00:00"
"576","D23506000","ELECTRICAL HARNESS","SAFRAN LS","204",,"0000-00-00 00:00:00","0000-00-00 00:00:00"
"577","D23570000","ELECTRICAL HARNESS","SAFRAN LS","204",,"0000-00-00 00:00:00","0000-00-00 00:00:00"
"578","D23573000","ELECTRICAL HARNESS","SAFRAN LS","204",,"0000-00-00 00:00:00","0000-00-00 00:00:00"
"579","D23574000","ELECTRICAL HARNESS","SAFRAN LS","204",,"0000-00-00 00:00:00","0000-00-00 00:00:00"
"580","24260-310","SIDE BRACE ASSY, MLG","SAFRAN LS","205",,"0000-00-00 00:00:00","0000-00-00 00:00:00"
"581","C23843","PROXIMITY SWITCH UNIT","SAFRAN LS","206",,"0000-00-00 00:00:00","0000-00-00 00:00:00"
"582","C23843-10","PROXIMITY SWITCH UNIT","SAFRAN LS","206",,"0000-00-00 00:00:00","0000-00-00 00:00:00"
"583","C23925","TRUSS ACTUATING CYLINDER ASSEMBLY","SAFRAN LS","206",,"0000-00-00 00:00:00","0000-00-00 00:00:00"
"584","C23925-11","TRUSS ACTUATING CYLINDER ASSEMBLY","SAFRAN LS","206",,"0000-00-00 00:00:00","0000-00-00 00:00:00"
"585","C23926","TRUSS ACTUATING CYLINDER ASSEMBLY","SAFRAN LS","206",,"0000-00-00 00:00:00","0000-00-00 00:00:00"
"586","C23926-11","TRUSS ACTUATING CYLINDER ASSEMBLY","SAFRAN LS","206",,"0000-00-00 00:00:00","0000-00-00 00:00:00"
"587","C23927","TRUSS ACTUATING CYLINDER","SAFRAN LS","206",,"0000-00-00 00:00:00","0000-00-00 00:00:00"
"588","C23927-11","TRUSS ACTUATING CYLINDER","SAFRAN LS","206",,"0000-00-00 00:00:00","0000-00-00 00:00:00"
"589","C23928","TRUSS ACTUATING CYLINDER","SAFRAN LS","206",,"0000-00-00 00:00:00","0000-00-00 00:00:00"
"590","C23928-11","TRUSS ACTUATING CYLINDER","SAFRAN LS","206",,"0000-00-00 00:00:00","0000-00-00 00:00:00"
"591","D22073","PROXIMITY SWITCH UNIT","SAFRAN LS","206",,"0000-00-00 00:00:00","0000-00-00 00:00:00"
"592","D22073300","PROXIMITY SWITCH UNIT","SAFRAN LS","206",,"0000-00-00 00:00:00","0000-00-00 00:00:00"
"593","3289706","TWO INCH DIAMETER ECU ISOLATION VALVE","HONEYWELL","207",,"0000-00-00 00:00:00","0000-00-00 00:00:00"
"594","320482","VALVE, SOLENOID","HONEYWELL","208",,"0000-00-00 00:00:00","0000-00-00 00:00:00"
"596","C20327000","VALVE, SERVO","SAFRAN LS","209",,"0000-00-00 00:00:00","0000-00-00 00:00:00"
"597","363500","FLAP TRANSMISSION BRAKE","PARKER","210",,"0000-00-00 00:00:00","0000-00-00 00:00:00"
"599","130008T","ACTUATOR ASSEMBLY","ITT AEROSPACE","211",,"0000-00-00 00:00:00","0000-00-00 00:00:00"
"600","2940003","MOTOR OPERATED SHUTOFF VALVE","PARKER","211",,"0000-00-00 00:00:00","0000-00-00 00:00:00"
"601","D23557000","SIDE BRACE ASSEMBLY","SAFRAN LS","212",,"0000-00-00 00:00:00","0000-00-00 00:00:00"
"602","D23558000","SIDE BRACE ASSEMBLY","SAFRAN LS","212",,"0000-00-00 00:00:00","0000-00-00 00:00:00"
"603","A10-23659","NOSE LANDING GEAR STRUT","SAFRAN LS","213",,"0000-00-00 00:00:00","0000-00-00 00:00:00"
"604","A11-23659","NOSE LANDING GEAR STRUT","SAFRAN LS","213",,"0000-00-00 00:00:00","0000-00-00 00:00:00"
"605","A23659023","NOSE LANDING GEAR STRUT","SAFRAN LS","213",,"0000-00-00 00:00:00","0000-00-00 00:00:00"
"606","A23659033","NOSE LANDING GEAR STRUT","SAFRAN LS","213",,"0000-00-00 00:00:00","0000-00-00 00:00:00"
"607","A23659","NOSE LANDING GEAR STRUT","SAFRAN LS","213",,"0000-00-00 00:00:00","0000-00-00 00:00:00"
"608","B47CA1090","VALVE, SHUT-OFF","LIEBHERR","214",,"0000-00-00 00:00:00","0000-00-00 00:00:00"
"609","2309-2700","MANEUVERING ACTUATOR ASSEMBLY, MLG","ELEB","215",,"0000-00-00 00:00:00","0000-00-00 00:00:00"
"610","2309-3700","MANEUVERING ACTUATOR ASSEMBLY, MLG","ELEB","215",,"0000-00-00 00:00:00","0000-00-00 00:00:00"
"611","2309-2800","UNLOCKING ACTUATOR","ELEB","216",,"0000-00-00 00:00:00","0000-00-00 00:00:00"
"612","2309-2900","UPLOCK BOX","ELEB","217",,"0000-00-00 00:00:00","0000-00-00 00:00:00"
"613","820983","P2.2 SHUTOFF VALVE","HAMILTON SUNDSTRAND","218",,"0000-00-00 00:00:00","0000-00-00 00:00:00"
"614","390600","ELEVATOR PCU ASSEMBLY","PARKER","219",,"0000-00-00 00:00:00","0000-00-00 00:00:00"
"615","363200","FLAP POWER DRIVE UNIT","LIEBHERR","220",,"0000-00-00 00:00:00","0000-00-00 00:00:00"
"616","900095","ACC - HYDRAULIC","TACTAIR","221",,"0000-00-00 00:00:00","0000-00-00 00:00:00"
"617","613100","VALVE-ALTERNATE LANDING GEAR SELECTOR","PARKER","222",,"0000-00-00 00:00:00","0000-00-00 00:00:00"
"618","945170","FILTER, PRESSURE, HYDRAULIC","PALL AEROSPACE","223",,"0000-00-00 00:00:00","0000-00-00 00:00:00"
"619","103278","CABIN AIR PRESSURE SAFETY VALVE","HONEYWELL","224",,"0000-00-00 00:00:00","0000-00-00 00:00:00"
"620","412700","RUDDER SHUTOFF VALVE ASSEMBLY","PARKER","225",,"0000-00-00 00:00:00","0000-00-00 00:00:00"
"621","975253","HYDRAULIC ISOLATION VALVE ASSEMBLY","PARKER","226",,"0000-00-00 00:00:00","0000-00-00 00:00:00"
"622","975250","VALVE - HEAT EXCHANGER BYPASS","PARKER","227",,"0000-00-00 00:00:00","0000-00-00 00:00:00"
"623","960443","RESERVOIR ASSEMBLY, HYDRAULIC, SYSTEM 3","PNEUDRAULICS","228",,"0000-00-00 00:00:00","0000-00-00 00:00:00"
"625","A25461020","AUTOMATIC SELECTOR","SAFRAN LS","229",,"0000-00-00 00:00:00","0000-00-00 00:00:00"
"626","22495-000","UNLOCK ACTUATOR, NLG","SAFRAN LS","230",,"0000-00-00 00:00:00","0000-00-00 00:00:00"
"627","8600","STEERING MANIFOLD","SAFRAN LS","231",,"0000-00-00 00:00:00","0000-00-00 00:00:00"
"628","A25312","THROTTLE VALVE","SAFRAN LS","232",,"0000-00-00 00:00:00","0000-00-00 00:00:00"
"629","975247","VALVE-SELECTOR POWER TRANSFER UNIT","PNEUDRAULICS","233",,"0000-00-00 00:00:00","0000-00-00 00:00:00"
"631","D23345000","LEG ASSEMBLY, LH","SAFRAN LS","234",,"0000-00-00 00:00:00","0000-00-00 00:00:00"
"632","D23346000","LEG ASSEMBLY, RH","SAFRAN LS","234",,"0000-00-00 00:00:00","0000-00-00 00:00:00"
"633","D23363000","BARREL, MLG, LH","SAFRAN LS","234",,"0000-00-00 00:00:00","0000-00-00 00:00:00"
"634","D23364000","BARREL, MLG, RH","SAFRAN LS","234",,"0000-00-00 00:00:00","0000-00-00 00:00:00"
"635","D23365000","SHOCK ABSORBER, MLG","SAFRAN LS","234",,"0000-00-00 00:00:00","0000-00-00 00:00:00"
"636","D23366000","SHOCK ABSORBER, MLG","SAFRAN LS","234",,"0000-00-00 00:00:00","0000-00-00 00:00:00"
"637","D22884000","PROXIMITY SWITCH UNIT","SAFRAN LS","235",,"0000-00-00 00:00:00","0000-00-00 00:00:00"
"638","D22885000","UPR ELECTRICAL HARNESS","SAFRAN LS","235",,"0000-00-00 00:00:00","0000-00-00 00:00:00"
"639","D22886000","UPR ELECTRICAL HARNESS","SAFRAN LS","235",,"0000-00-00 00:00:00","0000-00-00 00:00:00"
"640","D22887000","LWR ELECTRICAL HARNESS","SAFRAN LS","235",,"0000-00-00 00:00:00","0000-00-00 00:00:00"
"641","D22888000","LWR ELECTRICAL HARNESS","SAFRAN LS","235",,"0000-00-00 00:00:00","0000-00-00 00:00:00"
"642","D23359000","UPR ELECTRICAL HARNESS","SAFRAN LS","235",,"0000-00-00 00:00:00","0000-00-00 00:00:00"
"643","D23360000","UPR ELECTRICAL HARNESS","SAFRAN LS","235",,"0000-00-00 00:00:00","0000-00-00 00:00:00"
"644","D23361000","LWR ELECTRICAL HARNESS","SAFRAN LS","235",,"0000-00-00 00:00:00","0000-00-00 00:00:00"
"645","D23362000","LWR ELECTRICAL HARNESS","SAFRAN LS","235",,"0000-00-00 00:00:00","0000-00-00 00:00:00"
"646","10300","MLG YOKE","SAFRAN LS","236",,"0000-00-00 00:00:00","0000-00-00 00:00:00"
"647","2108-0050","HYDRAULIC STOP ACTUATOR","EMBRAER","237",,"0000-00-00 00:00:00","0000-00-00 00:00:00"
"648","47150","ELECTRICAL HARNESS ASSY, NLG","GOODRICH","238",,"0000-00-00 00:00:00","0000-00-00 00:00:00"
"649","47151","ELECTRICAL HARNESS ASSY, NLG","GOODRICH","238",,"0000-00-00 00:00:00","0000-00-00 00:00:00"
"650","47152","ELECTRICAL HARNESS ASSY, NLG","GOODRICH","238",,"0000-00-00 00:00:00","0000-00-00 00:00:00"
"651","47201","ELECTRICAL HARNESS ASSY, NLG","GOODRICH","238",,"0000-00-00 00:00:00","0000-00-00 00:00:00"
"652","47202","ELECTRICAL HARNESS ASSY, NLG","GOODRICH","238",,"0000-00-00 00:00:00","0000-00-00 00:00:00"
"653","47390","ELECTRICAL HARNESS ASSY, NLG","GOODRICH","238",,"0000-00-00 00:00:00","0000-00-00 00:00:00"
"654","47391","ELECTRICAL HARNESS ASSY, NLG","GOODRICH","238",,"0000-00-00 00:00:00","0000-00-00 00:00:00"
"655","D22685500","LEG ASSEMBLY","SAFRAN LS","239",,"0000-00-00 00:00:00","0000-00-00 00:00:00"
"656","D22686500","LEG ASSEMBLY","SAFRAN LS","239",,"0000-00-00 00:00:00","0000-00-00 00:00:00"
"657","D22687500","LH LEG STRUCTURE","SAFRAN LS","239",,"0000-00-00 00:00:00","0000-00-00 00:00:00"
"658","D22688500","RH LEG STRUCTURE","SAFRAN LS","239",,"0000-00-00 00:00:00","0000-00-00 00:00:00"
"659","D22689500","LH LEG STRUCTURE COVERING","SAFRAN LS","239",,"0000-00-00 00:00:00","0000-00-00 00:00:00"
"660","D22690500","RH LEG STRUCTURE COVERING","SAFRAN LS","239",,"0000-00-00 00:00:00","0000-00-00 00:00:00"
"661","D22691500","SHOCK ABSORBER, MLG","SAFRAN LS","239",,"0000-00-00 00:00:00","0000-00-00 00:00:00"
"662","0080-0035","NOSEWHEEL POWER STEERING UNIT","ROCKWELL COLLINS","240",,"0000-00-00 00:00:00","0000-00-00 00:00:00"
"663","47181","NOSEWHEEL POWER STEERING UNIT","ROCKWELL COLLINS","240",,"0000-00-00 00:00:00","0000-00-00 00:00:00"
"664","C23811","TELESCOPIC STRUT ASSEMBLY","SAFRAN LS","241",,"0000-00-00 00:00:00","0000-00-00 00:00:00"
"665","C23812","TELESCOPIC STRUT","SAFRAN LS","241",,"0000-00-00 00:00:00","0000-00-00 00:00:00"
"666","D22022","ELECTRICAL HARNESS","SAFRAN LS","241",,"0000-00-00 00:00:00","0000-00-00 00:00:00"
"667","47300","DRAG STRUT ASSEMBLY, NLG","GOODRICH","242",,"0000-00-00 00:00:00","0000-00-00 00:00:00"
"668","48150","STEERING CONTROL MANIFOLD ASSY","GOODRICH","243",,"0000-00-00 00:00:00","0000-00-00 00:00:00"
"670","8800","NLG SHOCK STRUT","SAFRAN LS","244",,"0000-00-00 00:00:00","0000-00-00 00:00:00"
"672","10700","ACTUATOR, STABILIZER","SAFRAN LS","246",,"0000-00-00 00:00:00","0000-00-00 00:00:00"
"674","10500-8","MAIN LANDING GEAR RETRACTION ACTUATOR","SAFRAN LS","247",,"0000-00-00 00:00:00","0000-00-00 00:00:00"
"675","47500","RETRACTION ACTUATOR ASSEMBLY, NLG","GOODRICH","248",,"0000-00-00 00:00:00","0000-00-00 00:00:00"
"676","52200","DRAG BRACE ASSEMBLY, NLG","GOODRICH","249",,"0000-00-00 00:00:00","0000-00-00 00:00:00"
"677","49300","SIDE STAY ASSEMBLY, MLG","GOODRICH","250",,"0000-00-00 00:00:00","0000-00-00 00:00:00"
"678","49400","LOCK ACTUATOR ASSEMBLY, MLG","GOODRICH","250",,"0000-00-00 00:00:00","0000-00-00 00:00:00"
"679","390500","PCU - RUDDER","PARKER","251",,"0000-00-00 00:00:00","0000-00-00 00:00:00"
"680","816604","PRESSURE REGULATING AND SHUTOFF VALVE","HAMILTON SUNDSTRAND","252",,"0000-00-00 00:00:00","0000-00-00 00:00:00"
"681","201456001","NOSE LANDING GEAR","SAFRAN LS","253",,"0000-00-00 00:00:00","0000-00-00 00:00:00"
"682","363300","FLAP SCREWJACK ACTUATOR NO.1","LIEBHERR","254",,"0000-00-00 00:00:00","0000-00-00 00:00:00"
"683","C24703002","PARK BRAKE SELECTOR VALVE","SAFRAN LS","256",,"0000-00-00 00:00:00","0000-00-00 00:00:00"
"684","820927","CHECK VALVE","HAMILTON SUNDSTRAND","257",,"0000-00-00 00:00:00","0000-00-00 00:00:00"
"685","399800","AILERON TRIM, ELECTROMECHANICAL ACTUATOR","PARKER","258",,"0000-00-00 00:00:00","0000-00-00 00:00:00"
"687","46650","AUXILIARY ACTUATOR ASSEMBLY, MLG","GOODRICH","260",,"0000-00-00 00:00:00","0000-00-00 00:00:00"
"688","D22814000","UPR ELECTRICAL HARNESS","SAFRAN LS","261",,"0000-00-00 00:00:00","0000-00-00 00:00:00"
"689","D22858000","PROXIMITY SWITCH UNIT","SAFRAN LS","261",,"0000-00-00 00:00:00","0000-00-00 00:00:00"
"690","D22859000","PROXIMITY SWITCH UNIT","SAFRAN LS","261",,"0000-00-00 00:00:00","0000-00-00 00:00:00"
"691","D22890000","LWR ELECTRICAL HARNESS","SAFRAN LS","261",,"0000-00-00 00:00:00","0000-00-00 00:00:00"
"692","D23284000","LWR ELECTRICAL HARNESS","SAFRAN LS","261",,"0000-00-00 00:00:00","0000-00-00 00:00:00"
"693","D23358000","UPPER ELECTRICAL HARNESS","SAFRAN LS","261",,"0000-00-00 00:00:00","0000-00-00 00:00:00"
"694","D22801100","MAIN LANDING GEAR","SAFRAN LS","262",,"0000-00-00 00:00:00","0000-00-00 00:00:00"
"695","D22801400","MAIN LANDING GEAR","SAFRAN LS","262",,"0000-00-00 00:00:00","0000-00-00 00:00:00"
"696","D22802100","MAIN LANDING GEAR","SAFRAN LS","262",,"0000-00-00 00:00:00","0000-00-00 00:00:00"
"697","D22802400","MAIN LANDING GEAR","SAFRAN LS","262",,"0000-00-00 00:00:00","0000-00-00 00:00:00"
"698","D22803100","BARREL, MLG","SAFRAN LS","262",,"0000-00-00 00:00:00","0000-00-00 00:00:00"
"699","D22803400","BARREL, MLG","SAFRAN LS","262",,"0000-00-00 00:00:00","0000-00-00 00:00:00"
"700","D22804100","BARREL, MLG","SAFRAN LS","262",,"0000-00-00 00:00:00","0000-00-00 00:00:00"
"701","D22804400","BARREL, MLG","SAFRAN LS","262",,"0000-00-00 00:00:00","0000-00-00 00:00:00"
"702","D22805100","SHOCK ABSORBER, MLG","SAFRAN LS","262",,"0000-00-00 00:00:00","0000-00-00 00:00:00"
"703","D22805400","SHOCK ABSORBER, MLG","SAFRAN LS","262",,"0000-00-00 00:00:00","0000-00-00 00:00:00"
"704","D22806100","SHOCK ABSORBER, MLG","SAFRAN LS","262",,"0000-00-00 00:00:00","0000-00-00 00:00:00"
"705","D22806400","SHOCK ABSORBER, MLG","SAFRAN LS","262",,"0000-00-00 00:00:00","0000-00-00 00:00:00"
"706","D22811200","NLG ASSEMBLY","SAFRAN LS","263",,"0000-00-00 00:00:00","0000-00-00 00:00:00"
"707","D22811400","NLG ASSEMBLY","SAFRAN LS","263",,"0000-00-00 00:00:00","0000-00-00 00:00:00"
"708","D22812100","BARREL, NLG","SAFRAN LS","263",,"0000-00-00 00:00:00","0000-00-00 00:00:00"
"709","D22812400","BARREL, NLG","SAFRAN LS","263",,"0000-00-00 00:00:00","0000-00-00 00:00:00"
"710","D22813200","SHOCK ABSORBER, NLG","SAFRAN LS","263",,"0000-00-00 00:00:00","0000-00-00 00:00:00"
"711","D22813400","SHOCK ABSORBER, NLG","SAFRAN LS","263",,"0000-00-00 00:00:00","0000-00-00 00:00:00"
"712","D22796001","TELESCOPIC STRUT ASSEMBLY","SAFRAN LS","264",,"0000-00-00 00:00:00","0000-00-00 00:00:00"
"713","52300","RETRACT ACTUATOR, NLG","GOODRICH","265",,"0000-00-00 00:00:00","0000-00-00 00:00:00"
"714","55000","MAIN LANDING GEAR DRESSED SHOCK STRUT ASSEMBLY","GOODRICH","266",,"0000-00-00 00:00:00","0000-00-00 00:00:00"
"715","55300","SIDE STAY ASSEMBLY MAIN LANDING GEAR","GOODRICH","267",,"0000-00-00 00:00:00","0000-00-00 00:00:00"
"716","55600","RETRACTION ACTUATOR ASSEMBLY MAIN LANDING GEAR","GOODRICH","268",,"0000-00-00 00:00:00","0000-00-00 00:00:00"
"717","49650","PRESSURE SWITCH/RESTRICTOR ASSEMBLY","GOODRICH","269",,"0000-00-00 00:00:00","0000-00-00 00:00:00"
"718","820967","CHECK VALVE","HAMILTON SUNDSTRAND","270",,"0000-00-00 00:00:00","0000-00-00 00:00:00"
"720","49000","SHOCK STRUT ASSEMBLY, DRESSED, MLG","GOODRICH","271",,"0000-00-00 00:00:00","0000-00-00 00:00:00"
"722","49600","RETRACTION ACTUATOR, MLG","GOODRICH","272",,"0000-00-00 00:00:00","0000-00-00 00:00:00"
"723","53147","ALTERNATE RELEASE SYSTEM ACTUATOR","GOODRICH","273",,"0000-00-00 00:00:00","0000-00-00 00:00:00"
"724","2225-0100","TWO-POSITION FOUR-WAY SOLENOID VALVE","EMBRAER","274",,"0000-00-00 00:00:00","0000-00-00 00:00:00"
"725","2227-0100","SOLENOID VALVE","EMBRAER","275",,"0000-00-00 00:00:00","0000-00-00 00:00:00"
"726","201072011","MAIN LANDING GEAR","SAFRAN LS","276",,"0000-00-00 00:00:00","0000-00-00 00:00:00"
"727","201072012","MAIN LANDING GEAR","SAFRAN LS","276",,"0000-00-00 00:00:00","0000-00-00 00:00:00"
"728","201072013","MAIN LANDING GEAR","SAFRAN LS","276",,"0000-00-00 00:00:00","0000-00-00 00:00:00"
"729","201072014","MAIN LANDING GEAR","SAFRAN LS","276",,"0000-00-00 00:00:00","0000-00-00 00:00:00"
"730","201072015","MAIN LANDING GEAR","SAFRAN LS","276",,"0000-00-00 00:00:00","0000-00-00 00:00:00"
"731","201072016","MAIN LANDING GEAR","SAFRAN LS","276",,"0000-00-00 00:00:00","0000-00-00 00:00:00"
"732","201072017","MAIN LANDING GEAR","SAFRAN LS","276",,"0000-00-00 00:00:00","0000-00-00 00:00:00"
"733","201072018","MAIN LANDING GEAR","SAFRAN LS","276",,"0000-00-00 00:00:00","0000-00-00 00:00:00"
"734","201072019","MAIN LANDING GEAR","SAFRAN LS","276",,"0000-00-00 00:00:00","0000-00-00 00:00:00"
"735","201072020","MAIN LANDING GEAR","SAFRAN LS","276",,"0000-00-00 00:00:00","0000-00-00 00:00:00"
"736","201072021","MAIN LANDING GEAR","SAFRAN LS","276",,"0000-00-00 00:00:00","0000-00-00 00:00:00"
"737","201072022","MAIN LANDING GEAR","SAFRAN LS","276",,"0000-00-00 00:00:00","0000-00-00 00:00:00"
"738","47840","NLG FWD DOORS LINKAGE ASSEMBLY","GOODRICH","277",,"0000-00-00 00:00:00","0000-00-00 00:00:00"
"739","47860","NLG AFT DOORS LINKAGE ASSEMBLY","GOODRICH","277",,"0000-00-00 00:00:00","0000-00-00 00:00:00"
"740","201072294","MLG HARNESS","SAFRAN LS","278",,"0000-00-00 00:00:00","0000-00-00 00:00:00"
"741","201251202","MLG HARNESS","SAFRAN LS","278",,"0000-00-00 00:00:00","0000-00-00 00:00:00"
"742","201251203","MLG HARNESS","SAFRAN LS","278",,"0000-00-00 00:00:00","0000-00-00 00:00:00"
"743","201251235","MLG HARNESS","SAFRAN LS","278",,"0000-00-00 00:00:00","0000-00-00 00:00:00"
"744","201251236","MLG HARNESS","SAFRAN LS","278",,"0000-00-00 00:00:00","0000-00-00 00:00:00"
"745","201251240","MLG HARNESS","SAFRAN LS","278",,"0000-00-00 00:00:00","0000-00-00 00:00:00"
"746","201251241","MLG HARNESS","SAFRAN LS","278",,"0000-00-00 00:00:00","0000-00-00 00:00:00"
"747","201251243","MLG HARNESS","SAFRAN LS","278",,"0000-00-00 00:00:00","0000-00-00 00:00:00"
"748","201251244","MLG HARNESS","SAFRAN LS","278",,"0000-00-00 00:00:00","0000-00-00 00:00:00"
"749","201251254","MLG HARNESS","SAFRAN LS","278",,"0000-00-00 00:00:00","0000-00-00 00:00:00"
"750","201251255","MLG HARNESS","SAFRAN LS","278",,"0000-00-00 00:00:00","0000-00-00 00:00:00"
"751","201251256","MLG HARNESS","SAFRAN LS","278",,"0000-00-00 00:00:00","0000-00-00 00:00:00"
"752","201251257","MLG HARNESS","SAFRAN LS","278",,"0000-00-00 00:00:00","0000-00-00 00:00:00"
"753","201251260","MLG HARNESS","SAFRAN LS","278",,"0000-00-00 00:00:00","0000-00-00 00:00:00"
"754","201251261","MLG HARNESS","SAFRAN LS","278",,"0000-00-00 00:00:00","0000-00-00 00:00:00"
"755","201650200","MLG HARNESS","SAFRAN LS","278",,"0000-00-00 00:00:00","0000-00-00 00:00:00"
"756","201650201","MLG HARNESS","SAFRAN LS","278",,"0000-00-00 00:00:00","0000-00-00 00:00:00"
"757","201650204","MLG HARNESS","SAFRAN LS","278",,"0000-00-00 00:00:00","0000-00-00 00:00:00"
"758","201650205","MLG HARNESS","SAFRAN LS","278",,"0000-00-00 00:00:00","0000-00-00 00:00:00"
"759","201650206","MLG HARNESS","SAFRAN LS","278",,"0000-00-00 00:00:00","0000-00-00 00:00:00"
"760","201650207","MLG HARNESS","SAFRAN LS","278",,"0000-00-00 00:00:00","0000-00-00 00:00:00"
"761","201650211","MLG HARNESS","SAFRAN LS","278",,"0000-00-00 00:00:00","0000-00-00 00:00:00"
"762","201650212","MLG HARNESS","SAFRAN LS","278",,"0000-00-00 00:00:00","0000-00-00 00:00:00"
"763","D23334000","TELESCOPIC STRUT ASSEMBLY","SAFRAN LS","279",,"0000-00-00 00:00:00","0000-00-00 00:00:00"
"764","1170D0000","STRUT, NLG","LIEBHERR","280",,"0000-00-00 00:00:00","0000-00-00 00:00:00"
"765","1170S0000","STRUT, NLG","LIEBHERR","280",,"0000-00-00 00:00:00","0000-00-00 00:00:00"
"766","47400","LOCK ACTUATOR ASSEMBLY, NLG","GOODRICH","281",,"0000-00-00 00:00:00","0000-00-00 00:00:00"
"767","A44700","ACTUATOR, SPOILER","GE AVIATION","282",,"0000-00-00 00:00:00","0000-00-00 00:00:00"
"768","D23332000","LEG ASSEMBLY, NLG","SAFRAN LS","283",,"0000-00-00 00:00:00","0000-00-00 00:00:00"
"769","D23333000","BARREL, NLG","SAFRAN LS","283",,"0000-00-00 00:00:00","0000-00-00 00:00:00"
"770","D23367000","SHOCK ABSORBER, NLG","SAFRAN LS","283",,"0000-00-00 00:00:00","0000-00-00 00:00:00"
"2292","2801A0000-02","ERJ 170 MLG","Liebherr-Aerospace Lindenberg GmbH","286",NULL,NULL,NULL
"2293",,,NULL,"0",NULL,NULL,NULL
"2298","2821A0000-02","Shock Strut, MLG","LIEBHER","286","ERJ-170/175","2024-04-15 01:26:47","2024-04-15 01:26:47"
"2299","170-70250-409","MLG Locking Stay","Liebherr","288","ERJ 170/175","2024-04-16 14:18:58","2024-04-16 14:18:58"
"2300","170-70150-403","MLG Side Stay","Liebherr","287","ERJ 170/175","2024-04-16 14:31:45","2024-04-16 14:31:45"
"2301","4259A0000-02","Shock Strut Assy, MLG","LIEBHER","295","ERJ-190/195","2024-04-29 14:29:51","2024-04-29 14:29:51"
"2302","4260A0000-04","Schok Strut MLG","LIEBHER","286","ERJ-170/175","2024-04-30 12:06:20","2024-04-30 12:06:20"
"2303","2821A0000-04","Schok Strut MLG","LIEBHER","286","ERJ-170/175","2024-04-30 12:07:06","2024-04-30 12:07:06"
"2304","2233A0100-02","Main Fitting","LIEBHER","305","ERJ-145 NLG","2024-04-30 17:09:46","2024-04-30 17:09:46"
"2305","190-70453-401","NLG","LIEBHERR","285","ERJ-190/195","2024-05-16 15:49:00","2024-05-16 15:49:00"
"2306","GA63388-7","Swing Lever","Safran","83","ART-72","2024-05-23 15:28:24","2024-05-23 15:28:24"
"2307","2802A0000-05","MLG Shock Strut RH","Liebherr","286","ERG 175","2024-05-24 18:54:52","2024-05-24 18:54:52"
"2308","1170A3200-01","Cuff Assy","Liebherr","143","ERJ-135/145","2024-05-28 15:08:56","2024-05-28 15:08:56"
"2309","D23188000-5","MLG Shock Absorber","Safran","83","ATR-72","2024-05-29 11:45:24","2024-05-29 11:45:24"
"2310","2309-2002-640","MLG Strut","ELEB","145","ERJ-145 MLG","2024-05-30 18:00:01","2024-05-30 18:00:01"
"2311","2309-2005-007","Shock Absorber","Liebherr","145","ERJ-145","2024-06-07 20:38:49","2024-06-07 20:38:49"
"2312","4260A0000-02","Shock Strut Assy, MLG","LIEBHER","295","ERJ-190/195","2024-06-10 20:37:27","2024-06-10 20:37:27"
"2313","52100-","Shock Strut Assy, NLG","SAFRAN","199","CRJ 900","2024-06-12 09:22:04","2024-06-12 09:22:04"
"2314","190-70745-ser","Shock Strut Assy, NLG","Liebherr","285","ERJ-190","2024-06-12 09:30:53","2024-06-12 09:30:53"
"2315","17008-115","Side Stay Actuator","Safran LS","59","CRJ200","2024-06-19 17:48:04","2024-06-19 17:48:04"
"2316","2309-2002-637","LH, Leg Strut Assembly","ELEB","145","ERJ 135/145","2024-06-20 12:24:41","2024-06-20 12:24:41"
"2317","190-70150-403","MLG Side Stay ASSY LH","Liebherr","291","ERG 190","2024-06-20 16:53:00","2024-06-20 16:53:00"
"2318","190-70150-404","MLG Side Stay","Liebherr","291","ERJ 190/195","2024-06-21 19:09:04","2024-06-21 19:09:04"
"2319","10100-517","MLG",NULL,"309","DASH-8","2024-06-24 20:44:17","2024-06-24 20:44:17"
"2320","46107-1","Torque Link Assy, Lower","Goodrich","50","Q400","2024-06-25 15:13:55","2024-06-25 15:13:55"
"2321","46141-1","Torque Link Assy, Upper","Goodrich","50","Q400","2024-06-25 15:31:40","2024-06-25 15:31:40"
"2322","2309-2002-639","MLG","ELEB","145","ERJ-145 MLG","2024-06-28 14:20:05","2024-06-28 14:20:05"
"2323","190-70200-401","MLG SIDE STAY","LIEBBHERR","300","ERJ195","2024-07-04 19:14:16","2024-07-04 19:14:16"
"2324","2801A0000-05","MLG Shock Strut LH","LIEBHER","286","ERJ-170/175","2024-07-23 15:05:23","2024-07-23 15:05:23"
"2325","4260A0000-03","MLG Shock Strut Assy","LIEBHER","295","ERJ-195","2024-07-23 15:09:37","2024-07-23 15:09:37"
"2326","190-70550-403","Drag Brace, NLG","LIEBHER","297","ERJ-190/195","2024-07-31 15:50:39","2024-07-31 15:50:39"
"2327","46250-15","Shock Strut Assy, MLG","Goodrich","50","Q400","2024-08-07 15:11:28","2024-08-07 15:11:28"
"2328","2309-2500-505","Main Side Strut Assy","ELEB","147","ERJ-145 MLG","2024-08-22 15:22:05","2024-08-22 15:22:05"
"2329","2309-1300-401","MLG Assy","ELEB","306","Legacy 650","2024-09-09 21:26:17","2024-09-09 21:26:17"
"2330","2309-1300-402","MLG Assy RH","ELEB","306","Legacy 650","2024-09-09 21:27:43","2024-09-09 21:27:43"
"2331","2309-2005-401","Shock Absorber Assy","ELEB","145","ERJ-145 MLG","2024-09-19 12:35:01","2024-09-19 12:35:01"
"2332","2233B0000-02","NOSE LANDING GEAR","LIEBHER","305","ERJ-145 NLG","2024-10-18 12:29:24","2024-10-18 12:29:24"
